{"obj": {"type": "AssignString", "path": ["sys", "description"], "value": ""}, "version": 1, "at": 1755603381.641521}
{"obj": {"type": "AssignString", "path": ["monitoring", "c78de979", "hostname"], "value": "b954191fcc39"}, "version": 2, "at": 1755603381.6417627}
{"obj": {"type": "AssignString", "path": ["sys", "hostname"], "value": "b954191fcc39"}, "version": 3, "at": 1755603381.641833}
{"obj": {"type": "AssignString", "path": ["monitoring", "c78de979", "pid"], "value": "3780"}, "version": 4, "at": 1755603381.6419017}
{"obj": {"type": "AssignString", "path": ["monitoring", "c78de979", "tid"], "value": "139827799147136"}, "version": 5, "at": 1755603381.6419594}
{"obj": {"type": "AssignBool", "path": ["sys", "failed"], "value": false}, "version": 6, "at": 1755603381.6420329}
{"obj": {"type": "ClearStringLog", "path": ["monitoring", "c78de979", "stdout"]}, "version": 7, "at": 1755603381.6421664}
{"obj": {"type": "ClearStringLog", "path": ["monitoring", "c78de979", "stderr"]}, "version": 8, "at": 1755603381.6422348}
{"obj": {"type": "AssignString", "path": ["source_code", "entrypoint"], "value": "run.py"}, "version": 9, "at": 1755603381.6424665}
{"obj": {"type": "UploadFileSet", "path": ["source_code", "files"], "file_globs": ["/workspace/mtcp/run.py"], "reset": "False"}, "version": 10, "at": 1755603381.6425748}
{"obj": {"type": "UploadFile", "path": ["source_code", "diff"], "ext": "patch", "file_path": null, "tmp_file_name": "source_code_diff-1755603381.65358-2025-08-19_11.36.21.653580.patch", "clean_after_upload": false}, "version": 11, "at": 1755603381.6539593}
{"obj": {"type": "ConfigFloatSeries", "path": ["monitoring", "c78de979", "cpu"], "min": 0.0, "max": 100.0, "unit": "%"}, "version": 12, "at": 1755603381.7340832}
{"obj": {"type": "ClearFloatLog", "path": ["monitoring", "c78de979", "cpu"]}, "version": 13, "at": 1755603381.735165}
{"obj": {"type": "ConfigFloatSeries", "path": ["monitoring", "c78de979", "memory"], "min": 0.0, "max": 880.5750274658203, "unit": "GB"}, "version": 14, "at": 1755603381.7352629}
{"obj": {"type": "ClearFloatLog", "path": ["monitoring", "c78de979", "memory"]}, "version": 15, "at": 1755603381.735297}
{"obj": {"type": "ConfigFloatSeries", "path": ["monitoring", "c78de979", "gpu_0"], "min": 0.0, "max": 100.0, "unit": "%"}, "version": 16, "at": 1755603381.735359}
{"obj": {"type": "ClearFloatLog", "path": ["monitoring", "c78de979", "gpu_0"]}, "version": 17, "at": 1755603381.7353857}
{"obj": {"type": "ConfigFloatSeries", "path": ["monitoring", "c78de979", "gpu_1"], "min": 0.0, "max": 100.0, "unit": "%"}, "version": 18, "at": 1755603381.7354412}
{"obj": {"type": "ClearFloatLog", "path": ["monitoring", "c78de979", "gpu_1"]}, "version": 19, "at": 1755603381.7354662}
{"obj": {"type": "ConfigFloatSeries", "path": ["monitoring", "c78de979", "gpu_2"], "min": 0.0, "max": 100.0, "unit": "%"}, "version": 20, "at": 1755603381.7355208}
{"obj": {"type": "ClearFloatLog", "path": ["monitoring", "c78de979", "gpu_2"]}, "version": 21, "at": 1755603381.7355447}
{"obj": {"type": "ConfigFloatSeries", "path": ["monitoring", "c78de979", "gpu_3"], "min": 0.0, "max": 100.0, "unit": "%"}, "version": 22, "at": 1755603381.735599}
{"obj": {"type": "ClearFloatLog", "path": ["monitoring", "c78de979", "gpu_3"]}, "version": 23, "at": 1755603381.7356217}
{"obj": {"type": "ConfigFloatSeries", "path": ["monitoring", "c78de979", "gpu_4"], "min": 0.0, "max": 100.0, "unit": "%"}, "version": 24, "at": 1755603381.735672}
{"obj": {"type": "ClearFloatLog", "path": ["monitoring", "c78de979", "gpu_4"]}, "version": 25, "at": 1755603381.735695}
{"obj": {"type": "ConfigFloatSeries", "path": ["monitoring", "c78de979", "gpu_5"], "min": 0.0, "max": 100.0, "unit": "%"}, "version": 26, "at": 1755603381.735755}
{"obj": {"type": "ClearFloatLog", "path": ["monitoring", "c78de979", "gpu_5"]}, "version": 27, "at": 1755603381.7357814}
{"obj": {"type": "ConfigFloatSeries", "path": ["monitoring", "c78de979", "gpu_memory_0"], "min": 0.0, "max": 47.98828125, "unit": "GB"}, "version": 28, "at": 1755603381.735835}
{"obj": {"type": "ClearFloatLog", "path": ["monitoring", "c78de979", "gpu_memory_0"]}, "version": 29, "at": 1755603381.7358646}
{"obj": {"type": "ConfigFloatSeries", "path": ["monitoring", "c78de979", "gpu_memory_1"], "min": 0.0, "max": 47.98828125, "unit": "GB"}, "version": 30, "at": 1755603381.7359145}
{"obj": {"type": "ClearFloatLog", "path": ["monitoring", "c78de979", "gpu_memory_1"]}, "version": 31, "at": 1755603381.7359352}
{"obj": {"type": "ConfigFloatSeries", "path": ["monitoring", "c78de979", "gpu_memory_2"], "min": 0.0, "max": 47.98828125, "unit": "GB"}, "version": 32, "at": 1755603381.735981}
{"obj": {"type": "ClearFloatLog", "path": ["monitoring", "c78de979", "gpu_memory_2"]}, "version": 33, "at": 1755603381.736002}
{"obj": {"type": "ConfigFloatSeries", "path": ["monitoring", "c78de979", "gpu_memory_3"], "min": 0.0, "max": 47.98828125, "unit": "GB"}, "version": 34, "at": 1755603381.736049}
{"obj": {"type": "ClearFloatLog", "path": ["monitoring", "c78de979", "gpu_memory_3"]}, "version": 35, "at": 1755603381.7360723}
{"obj": {"type": "ConfigFloatSeries", "path": ["monitoring", "c78de979", "gpu_memory_4"], "min": 0.0, "max": 47.98828125, "unit": "GB"}, "version": 36, "at": 1755603381.7361188}
{"obj": {"type": "ClearFloatLog", "path": ["monitoring", "c78de979", "gpu_memory_4"]}, "version": 37, "at": 1755603381.7361417}
{"obj": {"type": "ConfigFloatSeries", "path": ["monitoring", "c78de979", "gpu_memory_5"], "min": 0.0, "max": 47.98828125, "unit": "GB"}, "version": 38, "at": 1755603381.736186}
{"obj": {"type": "ClearFloatLog", "path": ["monitoring", "c78de979", "gpu_memory_5"]}, "version": 39, "at": 1755603381.7362087}
{"obj": {"type": "ConfigFloatSeries", "path": ["monitoring", "c78de979", "gpu_power_0"], "min": 0.0, "max": 300, "unit": "W"}, "version": 40, "at": 1755603381.7362556}
{"obj": {"type": "ClearFloatLog", "path": ["monitoring", "c78de979", "gpu_power_0"]}, "version": 41, "at": 1755603381.736278}
{"obj": {"type": "ConfigFloatSeries", "path": ["monitoring", "c78de979", "gpu_power_1"], "min": 0.0, "max": 300, "unit": "W"}, "version": 42, "at": 1755603381.736324}
{"obj": {"type": "ClearFloatLog", "path": ["monitoring", "c78de979", "gpu_power_1"]}, "version": 43, "at": 1755603381.7363453}
{"obj": {"type": "ConfigFloatSeries", "path": ["monitoring", "c78de979", "gpu_power_2"], "min": 0.0, "max": 300, "unit": "W"}, "version": 44, "at": 1755603381.7363908}
{"obj": {"type": "ClearFloatLog", "path": ["monitoring", "c78de979", "gpu_power_2"]}, "version": 45, "at": 1755603381.7364118}
{"obj": {"type": "ConfigFloatSeries", "path": ["monitoring", "c78de979", "gpu_power_3"], "min": 0.0, "max": 300, "unit": "W"}, "version": 46, "at": 1755603381.7364576}
{"obj": {"type": "ClearFloatLog", "path": ["monitoring", "c78de979", "gpu_power_3"]}, "version": 47, "at": 1755603381.736479}
{"obj": {"type": "ConfigFloatSeries", "path": ["monitoring", "c78de979", "gpu_power_4"], "min": 0.0, "max": 300, "unit": "W"}, "version": 48, "at": 1755603381.7365248}
{"obj": {"type": "ClearFloatLog", "path": ["monitoring", "c78de979", "gpu_power_4"]}, "version": 49, "at": 1755603381.7365456}
{"obj": {"type": "ConfigFloatSeries", "path": ["monitoring", "c78de979", "gpu_power_5"], "min": 0.0, "max": 300, "unit": "W"}, "version": 50, "at": 1755603381.7365901}
{"obj": {"type": "ClearFloatLog", "path": ["monitoring", "c78de979", "gpu_power_5"]}, "version": 51, "at": 1755603381.7366128}
{"obj": {"type": "AssignFloat", "path": ["config", "model", "rna_model", "attention_probs_dropout_prob"], "value": 0.0}, "version": 52, "at": 1755603381.7409503}
{"obj": {"type": "AssignInt", "path": ["config", "model", "rna_model", "decoder_hidden_size"], "value": 256}, "version": 53, "at": 1755603381.741222}
{"obj": {"type": "AssignInt", "path": ["config", "model", "rna_model", "decoder_intermediate_size"], "value": 512}, "version": 54, "at": 1755603381.741336}
{"obj": {"type": "AssignInt", "path": ["config", "model", "rna_model", "decoder_num_attention_heads"], "value": 4}, "version": 55, "at": 1755603381.741385}
{"obj": {"type": "AssignInt", "path": ["config", "model", "rna_model", "decoder_num_hidden_layers"], "value": 2}, "version": 56, "at": 1755603381.7414744}
{"obj": {"type": "AssignString", "path": ["config", "model", "rna_model", "hidden_act"], "value": "gelu"}, "version": 57, "at": 1755603381.7417333}
{"obj": {"type": "AssignFloat", "path": ["config", "model", "rna_model", "hidden_dropout_prob"], "value": 0.0}, "version": 58, "at": 1755603381.7417984}
{"obj": {"type": "AssignInt", "path": ["config", "model", "rna_model", "hidden_size"], "value": 256}, "version": 59, "at": 1755603381.7418718}
{"obj": {"type": "AssignInt", "path": ["config", "model", "rna_model", "size"], "value": 18432}, "version": 60, "at": 1755603381.7420356}
{"obj": {"type": "AssignFloat", "path": ["config", "model", "rna_model", "initializer_range"], "value": 0.02}, "version": 61, "at": 1755603381.742289}
{"obj": {"type": "AssignInt", "path": ["config", "model", "rna_model", "intermediate_size"], "value": 1024}, "version": 62, "at": 1755603381.7423377}
{"obj": {"type": "AssignFloat", "path": ["config", "model", "rna_model", "layer_norm_eps"], "value": 1e-12}, "version": 63, "at": 1755603381.7423797}
{"obj": {"type": "AssignFloat", "path": ["config", "model", "rna_model", "mask_ratio"], "value": 0.0}, "version": 64, "at": 1755603381.742429}
{"obj": {"type": "AssignString", "path": ["config", "model", "rna_model", "model_type"], "value": "vit_mae"}, "version": 65, "at": 1755603381.7424855}
{"obj": {"type": "AssignBool", "path": ["config", "model", "rna_model", "norm_pix_loss"], "value": false}, "version": 66, "at": 1755603381.7425501}
{"obj": {"type": "AssignInt", "path": ["config", "model", "rna_model", "num_attention_heads"], "value": 4}, "version": 67, "at": 1755603381.7425997}
{"obj": {"type": "AssignInt", "path": ["config", "model", "rna_model", "num_channels"], "value": 1}, "version": 68, "at": 1755603381.7426758}
{"obj": {"type": "AssignInt", "path": ["config", "model", "rna_model", "num_hidden_layers"], "value": 6}, "version": 69, "at": 1755603381.7427223}
{"obj": {"type": "AssignInt", "path": ["config", "model", "rna_model", "patch_size"], "value": 512}, "version": 70, "at": 1755603381.7427623}
{"obj": {"type": "AssignBool", "path": ["config", "model", "rna_model", "qkv_bias"], "value": true}, "version": 71, "at": 1755603381.7428057}
{"obj": {"type": "AssignBool", "path": ["config", "model", "rna_model", "is_load_pretrained"], "value": false}, "version": 72, "at": 1755603381.7428553}
{"obj": {"type": "AssignString", "path": ["config", "model", "rna_model", "pretrained_model_name"], "value": ""}, "version": 73, "at": 1755603381.7429047}
{"obj": {"type": "AssignString", "path": ["config", "model", "rna_model", "pretrained_model_path"], "value": ""}, "version": 74, "at": 1755603381.742952}
{"obj": {"type": "AssignInt", "path": ["config", "model", "rna_model", "output_dim"], "value": 20}, "version": 75, "at": 1755603381.7429976}
{"obj": {"type": "AssignFloat", "path": ["config", "model", "mri_model", "attention_probs_dropout_prob"], "value": 0.0}, "version": 76, "at": 1755603381.7431424}
{"obj": {"type": "AssignInt", "path": ["config", "model", "mri_model", "decoder_hidden_size"], "value": 256}, "version": 77, "at": 1755603381.7431905}
{"obj": {"type": "AssignInt", "path": ["config", "model", "mri_model", "decoder_intermediate_size"], "value": 512}, "version": 78, "at": 1755603381.7432334}
{"obj": {"type": "AssignInt", "path": ["config", "model", "mri_model", "decoder_num_attention_heads"], "value": 4}, "version": 79, "at": 1755603381.7432737}
{"obj": {"type": "AssignInt", "path": ["config", "model", "mri_model", "decoder_num_hidden_layers"], "value": 2}, "version": 80, "at": 1755603381.7433152}
{"obj": {"type": "AssignString", "path": ["config", "model", "mri_model", "hidden_act"], "value": "gelu"}, "version": 81, "at": 1755603381.7433584}
{"obj": {"type": "AssignFloat", "path": ["config", "model", "mri_model", "hidden_dropout_prob"], "value": 0.0}, "version": 82, "at": 1755603381.7434025}
{"obj": {"type": "AssignInt", "path": ["config", "model", "mri_model", "hidden_size"], "value": 256}, "version": 83, "at": 1755603381.7434452}
{"obj": {"type": "AssignFloat", "path": ["config", "model", "mri_model", "initializer_range"], "value": 0.02}, "version": 84, "at": 1755603381.743497}
{"obj": {"type": "AssignInt", "path": ["config", "model", "mri_model", "intermediate_size"], "value": 1024}, "version": 85, "at": 1755603381.7435403}
{"obj": {"type": "AssignFloat", "path": ["config", "model", "mri_model", "layer_norm_eps"], "value": 1e-12}, "version": 86, "at": 1755603381.7435822}
{"obj": {"type": "AssignFloat", "path": ["config", "model", "mri_model", "mask_ratio"], "value": 0.0}, "version": 87, "at": 1755603381.7436252}
{"obj": {"type": "AssignString", "path": ["config", "model", "mri_model", "model_type"], "value": "vit_mae"}, "version": 88, "at": 1755603381.7436705}
{"obj": {"type": "AssignBool", "path": ["config", "model", "mri_model", "norm_pix_loss"], "value": false}, "version": 89, "at": 1755603381.7437167}
{"obj": {"type": "AssignInt", "path": ["config", "model", "mri_model", "num_attention_heads"], "value": 4}, "version": 90, "at": 1755603381.7437596}
{"obj": {"type": "AssignInt", "path": ["config", "model", "mri_model", "num_channels"], "value": 1}, "version": 91, "at": 1755603381.743801}
{"obj": {"type": "AssignInt", "path": ["config", "model", "mri_model", "num_hidden_layers"], "value": 4}, "version": 92, "at": 1755603381.7438447}
{"obj": {"type": "AssignBool", "path": ["config", "model", "mri_model", "qkv_bias"], "value": true}, "version": 93, "at": 1755603381.7438903}
{"obj": {"type": "AssignInt", "path": ["config", "model", "mri_model", "patch_size"], "value": 16}, "version": 94, "at": 1755603381.7439334}
{"obj": {"type": "AssignInt", "path": ["config", "model", "mri_model", "mri_size"], "value": 64}, "version": 95, "at": 1755603381.7439737}
{"obj": {"type": "AssignBool", "path": ["config", "model", "mri_model", "is_load_pretrained"], "value": true}, "version": 96, "at": 1755603381.7440143}
{"obj": {"type": "AssignString", "path": ["config", "model", "mri_model", "pretrained_model_name"], "value": "mri_mae_pretrain_t1c_num_layers_enc_4_dec_2"}, "version": 97, "at": 1755603381.7440627}
{"obj": {"type": "AssignInt", "path": ["config", "model", "mri_model", "output_dim"], "value": 20}, "version": 98, "at": 1755603381.7441063}
{"obj": {"type": "AssignFloat", "path": ["config", "model", "dnam_model", "attention_probs_dropout_prob"], "value": 0.0}, "version": 99, "at": 1755603381.7450538}
{"obj": {"type": "AssignInt", "path": ["config", "model", "dnam_model", "decoder_hidden_size"], "value": 256}, "version": 100, "at": 1755603381.74532}
{"obj": {"type": "AssignInt", "path": ["config", "model", "dnam_model", "decoder_intermediate_size"], "value": 512}, "version": 101, "at": 1755603381.7453725}
{"obj": {"type": "AssignInt", "path": ["config", "model", "dnam_model", "decoder_num_attention_heads"], "value": 4}, "version": 102, "at": 1755603381.7454154}
{"obj": {"type": "AssignInt", "path": ["config", "model", "dnam_model", "decoder_num_hidden_layers"], "value": 2}, "version": 103, "at": 1755603381.7454574}
{"obj": {"type": "AssignString", "path": ["config", "model", "dnam_model", "hidden_act"], "value": "gelu"}, "version": 104, "at": 1755603381.7455103}
{"obj": {"type": "AssignFloat", "path": ["config", "model", "dnam_model", "hidden_dropout_prob"], "value": 0.0}, "version": 105, "at": 1755603381.7455559}
{"obj": {"type": "AssignInt", "path": ["config", "model", "dnam_model", "hidden_size"], "value": 256}, "version": 106, "at": 1755603381.7455986}
{"obj": {"type": "AssignInt", "path": ["config", "model", "dnam_model", "size"], "value": 26624}, "version": 107, "at": 1755603381.7456403}
{"obj": {"type": "AssignFloat", "path": ["config", "model", "dnam_model", "initializer_range"], "value": 0.02}, "version": 108, "at": 1755603381.7456894}
{"obj": {"type": "AssignInt", "path": ["config", "model", "dnam_model", "intermediate_size"], "value": 1024}, "version": 109, "at": 1755603381.745734}
{"obj": {"type": "AssignFloat", "path": ["config", "model", "dnam_model", "layer_norm_eps"], "value": 1e-12}, "version": 110, "at": 1755603381.7457764}
{"obj": {"type": "AssignFloat", "path": ["config", "model", "dnam_model", "mask_ratio"], "value": 0.0}, "version": 111, "at": 1755603381.7458215}
{"obj": {"type": "AssignString", "path": ["config", "model", "dnam_model", "model_type"], "value": "vit_mae"}, "version": 112, "at": 1755603381.7458682}
{"obj": {"type": "AssignBool", "path": ["config", "model", "dnam_model", "norm_pix_loss"], "value": false}, "version": 113, "at": 1755603381.7459135}
{"obj": {"type": "AssignInt", "path": ["config", "model", "dnam_model", "num_attention_heads"], "value": 4}, "version": 114, "at": 1755603381.7459602}
{"obj": {"type": "AssignInt", "path": ["config", "model", "dnam_model", "num_channels"], "value": 1}, "version": 115, "at": 1755603381.7460015}
{"obj": {"type": "AssignInt", "path": ["config", "model", "dnam_model", "num_hidden_layers"], "value": 6}, "version": 116, "at": 1755603381.7460418}
{"obj": {"type": "AssignInt", "path": ["config", "model", "dnam_model", "patch_size"], "value": 1024}, "version": 117, "at": 1755603381.746081}
{"obj": {"type": "AssignBool", "path": ["config", "model", "dnam_model", "qkv_bias"], "value": true}, "version": 118, "at": 1755603381.7461278}
{"obj": {"type": "AssignBool", "path": ["config", "model", "dnam_model", "is_load_pretrained"], "value": false}, "version": 119, "at": 1755603381.7461717}
{"obj": {"type": "AssignString", "path": ["config", "model", "dnam_model", "pretrained_model_name"], "value": "dna_without_clusters_mae_survival"}, "version": 120, "at": 1755603381.7462566}
{"obj": {"type": "AssignString", "path": ["config", "model", "dnam_model", "pretrained_model_path"], "value": ""}, "version": 121, "at": 1755603381.7463024}
{"obj": {"type": "AssignInt", "path": ["config", "model", "dnam_model", "output_dim"], "value": 20}, "version": 122, "at": 1755603381.746365}
{"obj": {"type": "AssignFloat", "path": ["config", "model", "wsi_model", "attention_probs_dropout_prob"], "value": 0.0}, "version": 123, "at": 1755603381.74645}
{"obj": {"type": "AssignInt", "path": ["config", "model", "wsi_model", "decoder_hidden_size"], "value": 256}, "version": 124, "at": 1755603381.7464943}
{"obj": {"type": "AssignInt", "path": ["config", "model", "wsi_model", "decoder_intermediate_size"], "value": 512}, "version": 125, "at": 1755603381.746536}
{"obj": {"type": "AssignInt", "path": ["config", "model", "wsi_model", "decoder_num_attention_heads"], "value": 4}, "version": 126, "at": 1755603381.7465782}
{"obj": {"type": "AssignInt", "path": ["config", "model", "wsi_model", "decoder_num_hidden_layers"], "value": 2}, "version": 127, "at": 1755603381.7466173}
{"obj": {"type": "AssignString", "path": ["config", "model", "wsi_model", "hidden_act"], "value": "gelu"}, "version": 128, "at": 1755603381.746662}
{"obj": {"type": "AssignFloat", "path": ["config", "model", "wsi_model", "hidden_dropout_prob"], "value": 0.0}, "version": 129, "at": 1755603381.746707}
{"obj": {"type": "AssignInt", "path": ["config", "model", "wsi_model", "hidden_size"], "value": 256}, "version": 130, "at": 1755603381.7467496}
{"obj": {"type": "AssignFloat", "path": ["config", "model", "wsi_model", "initializer_range"], "value": 0.02}, "version": 131, "at": 1755603381.7467904}
{"obj": {"type": "AssignInt", "path": ["config", "model", "wsi_model", "intermediate_size"], "value": 1024}, "version": 132, "at": 1755603381.7468297}
{"obj": {"type": "AssignFloat", "path": ["config", "model", "wsi_model", "layer_norm_eps"], "value": 1e-12}, "version": 133, "at": 1755603381.7468693}
{"obj": {"type": "AssignFloat", "path": ["config", "model", "wsi_model", "mask_ratio"], "value": 0.0}, "version": 134, "at": 1755603381.7469115}
{"obj": {"type": "AssignString", "path": ["config", "model", "wsi_model", "model_type"], "value": "vit_mae"}, "version": 135, "at": 1755603381.7469592}
{"obj": {"type": "AssignBool", "path": ["config", "model", "wsi_model", "norm_pix_loss"], "value": false}, "version": 136, "at": 1755603381.7469985}
{"obj": {"type": "AssignInt", "path": ["config", "model", "wsi_model", "num_attention_heads"], "value": 4}, "version": 137, "at": 1755603381.7470405}
{"obj": {"type": "AssignInt", "path": ["config", "model", "wsi_model", "num_channels"], "value": 3}, "version": 138, "at": 1755603381.7470834}
{"obj": {"type": "AssignInt", "path": ["config", "model", "wsi_model", "num_hidden_layers"], "value": 4}, "version": 139, "at": 1755603381.7471235}
{"obj": {"type": "AssignInt", "path": ["config", "model", "wsi_model", "image_size"], "value": 256}, "version": 140, "at": 1755603381.7471642}
{"obj": {"type": "AssignInt", "path": ["config", "model", "wsi_model", "patch_size"], "value": 16}, "version": 141, "at": 1755603381.747205}
{"obj": {"type": "AssignBool", "path": ["config", "model", "wsi_model", "qkv_bias"], "value": true}, "version": 142, "at": 1755603381.7472453}
{"obj": {"type": "AssignBool", "path": ["config", "model", "wsi_model", "is_load_pretrained"], "value": true}, "version": 143, "at": 1755603381.747287}
{"obj": {"type": "AssignString", "path": ["config", "model", "wsi_model", "pretrained_model_name"], "value": "unimodal_wsi_800_mae_2conv_all_data_balanced/unimodal_wsi_800_mae_2conv_all_data_balanced"}, "version": 144, "at": 1755603381.7473402}
{"obj": {"type": "AssignString", "path": ["config", "model", "wsi_model", "pretrained_model_path"], "value": ""}, "version": 145, "at": 1755603381.7473888}
{"obj": {"type": "AssignInt", "path": ["config", "model", "wsi_model", "output_dim"], "value": 20}, "version": 146, "at": 1755603381.747433}
{"obj": {"type": "AssignInt", "path": ["config", "model", "wsi_model", "max_patches_per_sample"], "value": 10}, "version": 147, "at": 1755603381.7474737}
{"obj": {"type": "AssignInt", "path": ["config", "model", "wsi_model", "num_patches"], "value": 10}, "version": 148, "at": 1755603381.7475152}
{"obj": {"type": "AssignBool", "path": ["config", "model", "wsi_model", "random_patch_selection"], "value": true}, "version": 149, "at": 1755603381.7475564}
{"obj": {"type": "AssignBool", "path": ["config", "model", "wsi_model", "use_transformer_pool"], "value": false}, "version": 150, "at": 1755603381.747617}
{"obj": {"type": "AssignFloat", "path": ["config", "model", "cnv_model", "attention_probs_dropout_prob"], "value": 0.0}, "version": 151, "at": 1755603381.7477405}
{"obj": {"type": "AssignInt", "path": ["config", "model", "cnv_model", "decoder_hidden_size"], "value": 256}, "version": 152, "at": 1755603381.747788}
{"obj": {"type": "AssignInt", "path": ["config", "model", "cnv_model", "decoder_intermediate_size"], "value": 512}, "version": 153, "at": 1755603381.74783}
{"obj": {"type": "AssignInt", "path": ["config", "model", "cnv_model", "decoder_num_attention_heads"], "value": 4}, "version": 154, "at": 1755603381.7478728}
{"obj": {"type": "AssignInt", "path": ["config", "model", "cnv_model", "decoder_num_hidden_layers"], "value": 3}, "version": 155, "at": 1755603381.747914}
{"obj": {"type": "AssignString", "path": ["config", "model", "cnv_model", "hidden_act"], "value": "gelu"}, "version": 156, "at": 1755603381.7479615}
{"obj": {"type": "AssignFloat", "path": ["config", "model", "cnv_model", "hidden_dropout_prob"], "value": 0.0}, "version": 157, "at": 1755603381.748003}
{"obj": {"type": "AssignInt", "path": ["config", "model", "cnv_model", "hidden_size"], "value": 256}, "version": 158, "at": 1755603381.7480435}
{"obj": {"type": "AssignInt", "path": ["config", "model", "cnv_model", "size"], "value": 61440}, "version": 159, "at": 1755603381.748085}
{"obj": {"type": "AssignFloat", "path": ["config", "model", "cnv_model", "initializer_range"], "value": 0.02}, "version": 160, "at": 1755603381.7481558}
{"obj": {"type": "AssignInt", "path": ["config", "model", "cnv_model", "intermediate_size"], "value": 1024}, "version": 161, "at": 1755603381.7482}
{"obj": {"type": "AssignFloat", "path": ["config", "model", "cnv_model", "layer_norm_eps"], "value": 1e-12}, "version": 162, "at": 1755603381.7482402}
{"obj": {"type": "AssignFloat", "path": ["config", "model", "cnv_model", "mask_ratio"], "value": 0.5}, "version": 163, "at": 1755603381.7482805}
{"obj": {"type": "AssignString", "path": ["config", "model", "cnv_model", "model_type"], "value": "vit_mae"}, "version": 164, "at": 1755603381.748325}
{"obj": {"type": "AssignBool", "path": ["config", "model", "cnv_model", "norm_pix_loss"], "value": false}, "version": 165, "at": 1755603381.7483673}
{"obj": {"type": "AssignInt", "path": ["config", "model", "cnv_model", "num_attention_heads"], "value": 4}, "version": 166, "at": 1755603381.7484088}
{"obj": {"type": "AssignInt", "path": ["config", "model", "cnv_model", "num_channels"], "value": 1}, "version": 167, "at": 1755603381.7484465}
{"obj": {"type": "AssignInt", "path": ["config", "model", "cnv_model", "num_hidden_layers"], "value": 6}, "version": 168, "at": 1755603381.7484865}
{"obj": {"type": "AssignInt", "path": ["config", "model", "cnv_model", "patch_size"], "value": 2048}, "version": 169, "at": 1755603381.7485251}
{"obj": {"type": "AssignBool", "path": ["config", "model", "cnv_model", "qkv_bias"], "value": true}, "version": 170, "at": 1755603381.7485664}
{"obj": {"type": "AssignBool", "path": ["config", "model", "cnv_model", "is_load_pretrained"], "value": false}, "version": 171, "at": 1755603381.7486062}
{"obj": {"type": "AssignString", "path": ["config", "model", "cnv_model", "pretrained_model_name"], "value": "cnv_without_clusters_mae_survival"}, "version": 172, "at": 1755603381.748654}
{"obj": {"type": "AssignString", "path": ["config", "model", "cnv_model", "pretrained_model_path"], "value": ""}, "version": 173, "at": 1755603381.748699}
{"obj": {"type": "AssignInt", "path": ["config", "model", "cnv_model", "output_dim"], "value": 20}, "version": 174, "at": 1755603381.7487674}
{"obj": {"type": "AssignFloat", "path": ["config", "model", "mm_decoder_config", "rna_model", "attention_probs_dropout_prob"], "value": 0.0}, "version": 175, "at": 1755603381.748944}
{"obj": {"type": "AssignInt", "path": ["config", "model", "mm_decoder_config", "rna_model", "decoder_hidden_size"], "value": 256}, "version": 176, "at": 1755603381.7490091}
{"obj": {"type": "AssignInt", "path": ["config", "model", "mm_decoder_config", "rna_model", "decoder_intermediate_size"], "value": 512}, "version": 177, "at": 1755603381.7490911}
{"obj": {"type": "AssignInt", "path": ["config", "model", "mm_decoder_config", "rna_model", "decoder_num_attention_heads"], "value": 4}, "version": 178, "at": 1755603381.7491918}
{"obj": {"type": "AssignInt", "path": ["config", "model", "mm_decoder_config", "rna_model", "decoder_num_hidden_layers"], "value": 3}, "version": 179, "at": 1755603381.749236}
{"obj": {"type": "AssignString", "path": ["config", "model", "mm_decoder_config", "rna_model", "hidden_act"], "value": "gelu"}, "version": 180, "at": 1755603381.7492836}
{"obj": {"type": "AssignFloat", "path": ["config", "model", "mm_decoder_config", "rna_model", "hidden_dropout_prob"], "value": 0.0}, "version": 181, "at": 1755603381.7493608}
{"obj": {"type": "AssignInt", "path": ["config", "model", "mm_decoder_config", "rna_model", "hidden_size"], "value": 256}, "version": 182, "at": 1755603381.7494216}
{"obj": {"type": "AssignInt", "path": ["config", "model", "mm_decoder_config", "rna_model", "size"], "value": 18432}, "version": 183, "at": 1755603381.749481}
{"obj": {"type": "AssignFloat", "path": ["config", "model", "mm_decoder_config", "rna_model", "initializer_range"], "value": 0.02}, "version": 184, "at": 1755603381.749523}
{"obj": {"type": "AssignInt", "path": ["config", "model", "mm_decoder_config", "rna_model", "intermediate_size"], "value": 1024}, "version": 185, "at": 1755603381.7495651}
{"obj": {"type": "AssignFloat", "path": ["config", "model", "mm_decoder_config", "rna_model", "layer_norm_eps"], "value": 1e-12}, "version": 186, "at": 1755603381.7496057}
{"obj": {"type": "AssignFloat", "path": ["config", "model", "mm_decoder_config", "rna_model", "mask_ratio"], "value": 0.0}, "version": 187, "at": 1755603381.7496476}
{"obj": {"type": "AssignString", "path": ["config", "model", "mm_decoder_config", "rna_model", "model_type"], "value": "vit_mae"}, "version": 188, "at": 1755603381.7496948}
{"obj": {"type": "AssignBool", "path": ["config", "model", "mm_decoder_config", "rna_model", "norm_pix_loss"], "value": false}, "version": 189, "at": 1755603381.7497375}
{"obj": {"type": "AssignInt", "path": ["config", "model", "mm_decoder_config", "rna_model", "num_attention_heads"], "value": 4}, "version": 190, "at": 1755603381.7497795}
{"obj": {"type": "AssignInt", "path": ["config", "model", "mm_decoder_config", "rna_model", "num_channels"], "value": 1}, "version": 191, "at": 1755603381.7498212}
{"obj": {"type": "AssignInt", "path": ["config", "model", "mm_decoder_config", "rna_model", "num_hidden_layers"], "value": 6}, "version": 192, "at": 1755603381.7498615}
{"obj": {"type": "AssignInt", "path": ["config", "model", "mm_decoder_config", "rna_model", "patch_size"], "value": 512}, "version": 193, "at": 1755603381.749902}
{"obj": {"type": "AssignBool", "path": ["config", "model", "mm_decoder_config", "rna_model", "qkv_bias"], "value": true}, "version": 194, "at": 1755603381.749943}
{"obj": {"type": "AssignBool", "path": ["config", "model", "mm_decoder_config", "rna_model", "is_load_pretrained"], "value": false}, "version": 195, "at": 1755603381.749984}
{"obj": {"type": "AssignString", "path": ["config", "model", "mm_decoder_config", "rna_model", "pretrained_model_name"], "value": ""}, "version": 196, "at": 1755603381.750029}
{"obj": {"type": "AssignString", "path": ["config", "model", "mm_decoder_config", "rna_model", "pretrained_model_path"], "value": ""}, "version": 197, "at": 1755603381.7500746}
{"obj": {"type": "AssignInt", "path": ["config", "model", "mm_decoder_config", "rna_model", "output_dim"], "value": 20}, "version": 198, "at": 1755603381.7501152}
{"obj": {"type": "AssignFloat", "path": ["config", "model", "mm_decoder_config", "mri_model", "attention_probs_dropout_prob"], "value": 0.0}, "version": 199, "at": 1755603381.7502017}
{"obj": {"type": "AssignInt", "path": ["config", "model", "mm_decoder_config", "mri_model", "decoder_hidden_size"], "value": 256}, "version": 200, "at": 1755603381.7502482}
{"obj": {"type": "AssignInt", "path": ["config", "model", "mm_decoder_config", "mri_model", "decoder_intermediate_size"], "value": 512}, "version": 201, "at": 1755603381.750293}
{"obj": {"type": "AssignInt", "path": ["config", "model", "mm_decoder_config", "mri_model", "decoder_num_attention_heads"], "value": 4}, "version": 202, "at": 1755603381.7503383}
{"obj": {"type": "AssignInt", "path": ["config", "model", "mm_decoder_config", "mri_model", "decoder_num_hidden_layers"], "value": 2}, "version": 203, "at": 1755603381.7503796}
{"obj": {"type": "AssignString", "path": ["config", "model", "mm_decoder_config", "mri_model", "hidden_act"], "value": "gelu"}, "version": 204, "at": 1755603381.7504253}
{"obj": {"type": "AssignFloat", "path": ["config", "model", "mm_decoder_config", "mri_model", "hidden_dropout_prob"], "value": 0.0}, "version": 205, "at": 1755603381.750469}
{"obj": {"type": "AssignInt", "path": ["config", "model", "mm_decoder_config", "mri_model", "hidden_size"], "value": 256}, "version": 206, "at": 1755603381.7507083}
{"obj": {"type": "AssignFloat", "path": ["config", "model", "mm_decoder_config", "mri_model", "initializer_range"], "value": 0.02}, "version": 207, "at": 1755603381.7507586}
{"obj": {"type": "AssignInt", "path": ["config", "model", "mm_decoder_config", "mri_model", "intermediate_size"], "value": 1024}, "version": 208, "at": 1755603381.7508037}
{"obj": {"type": "AssignFloat", "path": ["config", "model", "mm_decoder_config", "mri_model", "layer_norm_eps"], "value": 1e-12}, "version": 209, "at": 1755603381.750846}
{"obj": {"type": "AssignFloat", "path": ["config", "model", "mm_decoder_config", "mri_model", "mask_ratio"], "value": 0.5}, "version": 210, "at": 1755603381.750891}
{"obj": {"type": "AssignString", "path": ["config", "model", "mm_decoder_config", "mri_model", "model_type"], "value": "vit_mae"}, "version": 211, "at": 1755603381.750941}
{"obj": {"type": "AssignBool", "path": ["config", "model", "mm_decoder_config", "mri_model", "norm_pix_loss"], "value": false}, "version": 212, "at": 1755603381.7509854}
{"obj": {"type": "AssignInt", "path": ["config", "model", "mm_decoder_config", "mri_model", "num_attention_heads"], "value": 4}, "version": 213, "at": 1755603381.7510314}
{"obj": {"type": "AssignInt", "path": ["config", "model", "mm_decoder_config", "mri_model", "num_channels"], "value": 1}, "version": 214, "at": 1755603381.7510724}
{"obj": {"type": "AssignInt", "path": ["config", "model", "mm_decoder_config", "mri_model", "num_hidden_layers"], "value": 4}, "version": 215, "at": 1755603381.7511127}
{"obj": {"type": "AssignBool", "path": ["config", "model", "mm_decoder_config", "mri_model", "qkv_bias"], "value": true}, "version": 216, "at": 1755603381.7511544}
{"obj": {"type": "AssignInt", "path": ["config", "model", "mm_decoder_config", "mri_model", "patch_size"], "value": 16}, "version": 217, "at": 1755603381.7511952}
{"obj": {"type": "AssignInt", "path": ["config", "model", "mm_decoder_config", "mri_model", "mri_size"], "value": 64}, "version": 218, "at": 1755603381.7512336}
{"obj": {"type": "AssignBool", "path": ["config", "model", "mm_decoder_config", "mri_model", "is_load_pretrained"], "value": true}, "version": 219, "at": 1755603381.751275}
{"obj": {"type": "AssignString", "path": ["config", "model", "mm_decoder_config", "mri_model", "pretrained_model_name"], "value": "mri_mae_pretrain_t1c_num_layers_enc_4_dec_2"}, "version": 220, "at": 1755603381.7513225}
{"obj": {"type": "AssignInt", "path": ["config", "model", "mm_decoder_config", "mri_model", "output_dim"], "value": 20}, "version": 221, "at": 1755603381.751366}
{"obj": {"type": "AssignFloat", "path": ["config", "model", "mm_decoder_config", "dnam_model", "attention_probs_dropout_prob"], "value": 0.0}, "version": 222, "at": 1755603381.751518}
{"obj": {"type": "AssignInt", "path": ["config", "model", "mm_decoder_config", "dnam_model", "decoder_hidden_size"], "value": 256}, "version": 223, "at": 1755603381.7515645}
{"obj": {"type": "AssignInt", "path": ["config", "model", "mm_decoder_config", "dnam_model", "decoder_intermediate_size"], "value": 512}, "version": 224, "at": 1755603381.7516093}
{"obj": {"type": "AssignInt", "path": ["config", "model", "mm_decoder_config", "dnam_model", "decoder_num_attention_heads"], "value": 4}, "version": 225, "at": 1755603381.751651}
{"obj": {"type": "AssignInt", "path": ["config", "model", "mm_decoder_config", "dnam_model", "decoder_num_hidden_layers"], "value": 3}, "version": 226, "at": 1755603381.7516923}
{"obj": {"type": "AssignString", "path": ["config", "model", "mm_decoder_config", "dnam_model", "hidden_act"], "value": "gelu"}, "version": 227, "at": 1755603381.7517364}
{"obj": {"type": "AssignFloat", "path": ["config", "model", "mm_decoder_config", "dnam_model", "hidden_dropout_prob"], "value": 0.0}, "version": 228, "at": 1755603381.75178}
{"obj": {"type": "AssignInt", "path": ["config", "model", "mm_decoder_config", "dnam_model", "hidden_size"], "value": 256}, "version": 229, "at": 1755603381.7518215}
{"obj": {"type": "AssignInt", "path": ["config", "model", "mm_decoder_config", "dnam_model", "size"], "value": 26624}, "version": 230, "at": 1755603381.7518616}
{"obj": {"type": "AssignFloat", "path": ["config", "model", "mm_decoder_config", "dnam_model", "initializer_range"], "value": 0.02}, "version": 231, "at": 1755603381.7519062}
{"obj": {"type": "AssignInt", "path": ["config", "model", "mm_decoder_config", "dnam_model", "intermediate_size"], "value": 1024}, "version": 232, "at": 1755603381.7519472}
{"obj": {"type": "AssignFloat", "path": ["config", "model", "mm_decoder_config", "dnam_model", "layer_norm_eps"], "value": 1e-12}, "version": 233, "at": 1755603381.751987}
{"obj": {"type": "AssignFloat", "path": ["config", "model", "mm_decoder_config", "dnam_model", "mask_ratio"], "value": 0.5}, "version": 234, "at": 1755603381.7520266}
{"obj": {"type": "AssignString", "path": ["config", "model", "mm_decoder_config", "dnam_model", "model_type"], "value": "vit_mae"}, "version": 235, "at": 1755603381.752073}
{"obj": {"type": "AssignBool", "path": ["config", "model", "mm_decoder_config", "dnam_model", "norm_pix_loss"], "value": false}, "version": 236, "at": 1755603381.7521183}
{"obj": {"type": "AssignInt", "path": ["config", "model", "mm_decoder_config", "dnam_model", "num_attention_heads"], "value": 4}, "version": 237, "at": 1755603381.7521613}
{"obj": {"type": "AssignInt", "path": ["config", "model", "mm_decoder_config", "dnam_model", "num_channels"], "value": 1}, "version": 238, "at": 1755603381.7522018}
{"obj": {"type": "AssignInt", "path": ["config", "model", "mm_decoder_config", "dnam_model", "num_hidden_layers"], "value": 6}, "version": 239, "at": 1755603381.7522416}
{"obj": {"type": "AssignInt", "path": ["config", "model", "mm_decoder_config", "dnam_model", "patch_size"], "value": 1024}, "version": 240, "at": 1755603381.7522802}
{"obj": {"type": "AssignBool", "path": ["config", "model", "mm_decoder_config", "dnam_model", "qkv_bias"], "value": true}, "version": 241, "at": 1755603381.7523222}
{"obj": {"type": "AssignBool", "path": ["config", "model", "mm_decoder_config", "dnam_model", "is_load_pretrained"], "value": false}, "version": 242, "at": 1755603381.7523623}
{"obj": {"type": "AssignString", "path": ["config", "model", "mm_decoder_config", "dnam_model", "pretrained_model_name"], "value": "dna_without_clusters_mae_survival"}, "version": 243, "at": 1755603381.7524078}
{"obj": {"type": "AssignString", "path": ["config", "model", "mm_decoder_config", "dnam_model", "pretrained_model_path"], "value": ""}, "version": 244, "at": 1755603381.7524505}
{"obj": {"type": "AssignInt", "path": ["config", "model", "mm_decoder_config", "dnam_model", "output_dim"], "value": 20}, "version": 245, "at": 1755603381.7524917}
{"obj": {"type": "AssignFloat", "path": ["config", "model", "mm_decoder_config", "wsi_model", "attention_probs_dropout_prob"], "value": 0.0}, "version": 246, "at": 1755603381.7525706}
{"obj": {"type": "AssignInt", "path": ["config", "model", "mm_decoder_config", "wsi_model", "decoder_hidden_size"], "value": 256}, "version": 247, "at": 1755603381.7526155}
{"obj": {"type": "AssignInt", "path": ["config", "model", "mm_decoder_config", "wsi_model", "decoder_intermediate_size"], "value": 512}, "version": 248, "at": 1755603381.7526622}
{"obj": {"type": "AssignInt", "path": ["config", "model", "mm_decoder_config", "wsi_model", "decoder_num_attention_heads"], "value": 4}, "version": 249, "at": 1755603381.7527037}
{"obj": {"type": "AssignInt", "path": ["config", "model", "mm_decoder_config", "wsi_model", "decoder_num_hidden_layers"], "value": 2}, "version": 250, "at": 1755603381.7527423}
{"obj": {"type": "AssignString", "path": ["config", "model", "mm_decoder_config", "wsi_model", "hidden_act"], "value": "gelu"}, "version": 251, "at": 1755603381.7527869}
{"obj": {"type": "AssignFloat", "path": ["config", "model", "mm_decoder_config", "wsi_model", "hidden_dropout_prob"], "value": 0.0}, "version": 252, "at": 1755603381.7528303}
{"obj": {"type": "AssignInt", "path": ["config", "model", "mm_decoder_config", "wsi_model", "hidden_size"], "value": 256}, "version": 253, "at": 1755603381.7528715}
{"obj": {"type": "AssignFloat", "path": ["config", "model", "mm_decoder_config", "wsi_model", "initializer_range"], "value": 0.02}, "version": 254, "at": 1755603381.7529142}
{"obj": {"type": "AssignInt", "path": ["config", "model", "mm_decoder_config", "wsi_model", "intermediate_size"], "value": 1024}, "version": 255, "at": 1755603381.7529593}
{"obj": {"type": "AssignFloat", "path": ["config", "model", "mm_decoder_config", "wsi_model", "layer_norm_eps"], "value": 1e-12}, "version": 256, "at": 1755603381.7530038}
{"obj": {"type": "AssignFloat", "path": ["config", "model", "mm_decoder_config", "wsi_model", "mask_ratio"], "value": 0.0}, "version": 257, "at": 1755603381.7530472}
{"obj": {"type": "AssignString", "path": ["config", "model", "mm_decoder_config", "wsi_model", "model_type"], "value": "vit_mae"}, "version": 258, "at": 1755603381.7530944}
{"obj": {"type": "AssignBool", "path": ["config", "model", "mm_decoder_config", "wsi_model", "norm_pix_loss"], "value": false}, "version": 259, "at": 1755603381.75314}
{"obj": {"type": "AssignInt", "path": ["config", "model", "mm_decoder_config", "wsi_model", "num_attention_heads"], "value": 4}, "version": 260, "at": 1755603381.7531822}
{"obj": {"type": "AssignInt", "path": ["config", "model", "mm_decoder_config", "wsi_model", "num_channels"], "value": 3}, "version": 261, "at": 1755603381.7532246}
{"obj": {"type": "AssignInt", "path": ["config", "model", "mm_decoder_config", "wsi_model", "num_hidden_layers"], "value": 4}, "version": 262, "at": 1755603381.7532642}
{"obj": {"type": "AssignInt", "path": ["config", "model", "mm_decoder_config", "wsi_model", "image_size"], "value": 256}, "version": 263, "at": 1755603381.7533035}
{"obj": {"type": "AssignInt", "path": ["config", "model", "mm_decoder_config", "wsi_model", "patch_size"], "value": 16}, "version": 264, "at": 1755603381.7533593}
{"obj": {"type": "AssignBool", "path": ["config", "model", "mm_decoder_config", "wsi_model", "qkv_bias"], "value": true}, "version": 265, "at": 1755603381.7534149}
{"obj": {"type": "AssignBool", "path": ["config", "model", "mm_decoder_config", "wsi_model", "is_load_pretrained"], "value": false}, "version": 266, "at": 1755603381.753521}
{"obj": {"type": "AssignString", "path": ["config", "model", "mm_decoder_config", "wsi_model", "pretrained_model_name"], "value": "mae 2 conv2d/wsi mae_split"}, "version": 267, "at": 1755603381.7535727}
{"obj": {"type": "AssignInt", "path": ["config", "model", "mm_decoder_config", "wsi_model", "output_dim"], "value": 20}, "version": 268, "at": 1755603381.753613}
{"obj": {"type": "AssignInt", "path": ["config", "model", "mm_decoder_config", "wsi_model", "max_patches_per_sample"], "value": 10}, "version": 269, "at": 1755603381.7536697}
{"obj": {"type": "AssignInt", "path": ["config", "model", "mm_decoder_config", "wsi_model", "num_patches"], "value": 10}, "version": 270, "at": 1755603381.7537122}
{"obj": {"type": "AssignBool", "path": ["config", "model", "mm_decoder_config", "wsi_model", "random_patch_selection"], "value": true}, "version": 271, "at": 1755603381.753758}
{"obj": {"type": "AssignInt", "path": ["config", "model", "mm_decoder_config", "hidden_size"], "value": 256}, "version": 272, "at": 1755603381.7538574}
{"obj": {"type": "AssignBool", "path": ["config", "model", "mm_decoder_config", "is_projection"], "value": false}, "version": 273, "at": 1755603381.7539022}
{"obj": {"type": "AssignFloat", "path": ["config", "model", "mm_decoder_config", "attention_probs_dropout_prob"], "value": 0.0}, "version": 274, "at": 1755603381.7539482}
{"obj": {"type": "AssignInt", "path": ["config", "model", "mm_decoder_config", "decoder_hidden_size"], "value": 256}, "version": 275, "at": 1755603381.7539904}
{"obj": {"type": "AssignInt", "path": ["config", "model", "mm_decoder_config", "decoder_intermediate_size"], "value": 512}, "version": 276, "at": 1755603381.7540317}
{"obj": {"type": "AssignInt", "path": ["config", "model", "mm_decoder_config", "decoder_num_attention_heads"], "value": 4}, "version": 277, "at": 1755603381.7540708}
{"obj": {"type": "AssignInt", "path": ["config", "model", "mm_decoder_config", "decoder_num_hidden_layers"], "value": 3}, "version": 278, "at": 1755603381.7541108}
{"obj": {"type": "AssignString", "path": ["config", "model", "mm_decoder_config", "hidden_act"], "value": "gelu"}, "version": 279, "at": 1755603381.7541544}
{"obj": {"type": "AssignFloat", "path": ["config", "model", "mm_decoder_config", "hidden_dropout_prob"], "value": 0.0}, "version": 280, "at": 1755603381.7542148}
{"obj": {"type": "AssignFloat", "path": ["config", "model", "mm_decoder_config", "initializer_range"], "value": 0.02}, "version": 281, "at": 1755603381.7542589}
{"obj": {"type": "AssignInt", "path": ["config", "model", "mm_decoder_config", "intermediate_size"], "value": 1024}, "version": 282, "at": 1755603381.754296}
{"obj": {"type": "AssignFloat", "path": ["config", "model", "mm_decoder_config", "layer_norm_eps"], "value": 1e-12}, "version": 283, "at": 1755603381.754339}
{"obj": {"type": "AssignFloat", "path": ["config", "model", "mm_decoder_config", "mask_ratio"], "value": 0.5}, "version": 284, "at": 1755603381.7543805}
{"obj": {"type": "AssignString", "path": ["config", "model", "mm_decoder_config", "model_type"], "value": "vit_mae"}, "version": 285, "at": 1755603381.754425}
{"obj": {"type": "AssignBool", "path": ["config", "model", "mm_decoder_config", "norm_pix_loss"], "value": false}, "version": 286, "at": 1755603381.7544675}
{"obj": {"type": "AssignInt", "path": ["config", "model", "mm_decoder_config", "num_attention_heads"], "value": 4}, "version": 287, "at": 1755603381.7545083}
{"obj": {"type": "AssignInt", "path": ["config", "model", "mm_decoder_config", "num_channels"], "value": 1}, "version": 288, "at": 1755603381.7545464}
{"obj": {"type": "AssignInt", "path": ["config", "model", "mm_decoder_config", "num_hidden_layers"], "value": 4}, "version": 289, "at": 1755603381.7545855}
{"obj": {"type": "AssignBool", "path": ["config", "model", "mm_decoder_config", "qkv_bias"], "value": true}, "version": 290, "at": 1755603381.7546244}
{"obj": {"type": "AssignInt", "path": ["config", "model", "mm_decoder_config", "patch_size"], "value": 512}, "version": 291, "at": 1755603381.7546644}
{"obj": {"type": "AssignBool", "path": ["config", "model", "mm_decoder_config", "is_load_pretrained"], "value": false}, "version": 292, "at": 1755603381.754703}
{"obj": {"type": "AssignString", "path": ["config", "model", "mm_decoder_config", "pretrained_model_name"], "value": ""}, "version": 293, "at": 1755603381.7547472}
{"obj": {"type": "AssignString", "path": ["config", "model", "mm_decoder_config", "pretrained_model_path"], "value": ""}, "version": 294, "at": 1755603381.7547944}
{"obj": {"type": "AssignBool", "path": ["config", "model", "mm_decoder_config", "postprocessing"], "value": true}, "version": 295, "at": 1755603381.7548382}
{"obj": {"type": "AssignInt", "path": ["config", "model", "mm_decoder_config", "output_dim"], "value": 20}, "version": 296, "at": 1755603381.754878}
{"obj": {"type": "AssignString", "path": ["config", "model", "mm_decoder_config", "encoder_fusion_strategy"], "value": "masked_attention"}, "version": 297, "at": 1755603381.7549238}
{"obj": {"type": "AssignBool", "path": ["config", "model", "mm_decoder_config", "contrastive_loss"], "value": false}, "version": 298, "at": 1755603381.754966}
{"obj": {"type": "AssignInt", "path": ["config", "model", "mm_decoder_config", "encoder_fusion_depth"], "value": 1}, "version": 299, "at": 1755603381.7550077}
{"obj": {"type": "AssignInt", "path": ["config", "model", "mm_decoder_config", "encoder_fusion_dim"], "value": 256}, "version": 300, "at": 1755603381.755048}
{"obj": {"type": "AssignInt", "path": ["config", "model", "mm_decoder_config", "encoder_fusion_nhead"], "value": 4}, "version": 301, "at": 1755603381.7550883}
{"obj": {"type": "AssignInt", "path": ["config", "model", "mm_decoder_config", "encoder_fusion_dim_feedforward"], "value": 1024}, "version": 302, "at": 1755603381.7551281}
{"obj": {"type": "AssignFloat", "path": ["config", "model", "mm_decoder_config", "encoder_fusion_dropout"], "value": 0.1}, "version": 303, "at": 1755603381.755169}
{"obj": {"type": "AssignString", "path": ["config", "model", "mm_decoder_config", "fusion_strategy"], "value": "mask_attention"}, "version": 304, "at": 1755603381.7552137}
{"obj": {"type": "AssignInt", "path": ["config", "model", "mm_decoder_config", "fusion_depth"], "value": 1}, "version": 305, "at": 1755603381.7552626}
{"obj": {"type": "AssignInt", "path": ["config", "model", "mm_decoder_config", "fusion_dim"], "value": 256}, "version": 306, "at": 1755603381.755305}
{"obj": {"type": "AssignInt", "path": ["config", "model", "mm_decoder_config", "fusion_nhead"], "value": 4}, "version": 307, "at": 1755603381.7553453}
{"obj": {"type": "AssignInt", "path": ["config", "model", "mm_decoder_config", "fusion_dim_feedforward"], "value": 1024}, "version": 308, "at": 1755603381.755384}
{"obj": {"type": "AssignFloat", "path": ["config", "model", "mm_decoder_config", "fusion_dropout"], "value": 0.1}, "version": 309, "at": 1755603381.7554235}
{"obj": {"type": "AssignInt", "path": ["config", "model", "hidden_size"], "value": 256}, "version": 310, "at": 1755603381.7554853}
{"obj": {"type": "AssignBool", "path": ["config", "model", "is_projection"], "value": false}, "version": 311, "at": 1755603381.7555273}
{"obj": {"type": "AssignFloat", "path": ["config", "model", "attention_probs_dropout_prob"], "value": 0.0}, "version": 312, "at": 1755603381.7555707}
{"obj": {"type": "AssignInt", "path": ["config", "model", "decoder_hidden_size"], "value": 256}, "version": 313, "at": 1755603381.7556112}
{"obj": {"type": "AssignInt", "path": ["config", "model", "decoder_intermediate_size"], "value": 512}, "version": 314, "at": 1755603381.7556505}
{"obj": {"type": "AssignInt", "path": ["config", "model", "decoder_num_attention_heads"], "value": 4}, "version": 315, "at": 1755603381.755686}
{"obj": {"type": "AssignInt", "path": ["config", "model", "decoder_num_hidden_layers"], "value": 3}, "version": 316, "at": 1755603381.7557244}
{"obj": {"type": "AssignString", "path": ["config", "model", "hidden_act"], "value": "gelu"}, "version": 317, "at": 1755603381.7557666}
{"obj": {"type": "AssignFloat", "path": ["config", "model", "hidden_dropout_prob"], "value": 0.0}, "version": 318, "at": 1755603381.7558098}
{"obj": {"type": "AssignFloat", "path": ["config", "model", "initializer_range"], "value": 0.02}, "version": 319, "at": 1755603381.7558482}
{"obj": {"type": "AssignInt", "path": ["config", "model", "intermediate_size"], "value": 1024}, "version": 320, "at": 1755603381.7558901}
{"obj": {"type": "AssignFloat", "path": ["config", "model", "layer_norm_eps"], "value": 1e-12}, "version": 321, "at": 1755603381.7559428}
{"obj": {"type": "AssignFloat", "path": ["config", "model", "mask_ratio"], "value": 0.0}, "version": 322, "at": 1755603381.7559855}
{"obj": {"type": "AssignString", "path": ["config", "model", "model_type"], "value": "vit_mae"}, "version": 323, "at": 1755603381.756028}
{"obj": {"type": "AssignBool", "path": ["config", "model", "norm_pix_loss"], "value": false}, "version": 324, "at": 1755603381.7560773}
{"obj": {"type": "AssignInt", "path": ["config", "model", "num_attention_heads"], "value": 4}, "version": 325, "at": 1755603381.756119}
{"obj": {"type": "AssignInt", "path": ["config", "model", "num_channels"], "value": 1}, "version": 326, "at": 1755603381.756161}
{"obj": {"type": "AssignInt", "path": ["config", "model", "num_hidden_layers"], "value": 4}, "version": 327, "at": 1755603381.7561984}
{"obj": {"type": "AssignBool", "path": ["config", "model", "qkv_bias"], "value": true}, "version": 328, "at": 1755603381.756236}
{"obj": {"type": "AssignInt", "path": ["config", "model", "patch_size"], "value": 512}, "version": 329, "at": 1755603381.7562764}
{"obj": {"type": "AssignBool", "path": ["config", "model", "is_load_pretrained"], "value": false}, "version": 330, "at": 1755603381.7563145}
{"obj": {"type": "AssignString", "path": ["config", "model", "pretrained_model_name"], "value": "multimodal_rna_dna_wsi_minmax1e3_bigset_balanced_200_mae_20p_may"}, "version": 331, "at": 1755603381.7563567}
{"obj": {"type": "AssignString", "path": ["config", "model", "pretrained_model_path"], "value": ""}, "version": 332, "at": 1755603381.7564023}
{"obj": {"type": "AssignBool", "path": ["config", "model", "freezing_strategy"], "value": true}, "version": 333, "at": 1755603381.7564442}
{"obj": {"type": "AssignString", "path": ["config", "model", "missing_modalities_strategy"], "value": ""}, "version": 334, "at": 1755603381.7564864}
{"obj": {"type": "AssignString", "path": ["config", "model", "mm_pretrained_model_name"], "value": "multimodal_rna_dna_wsi_minmax1e3_bigset_balanced_200_mae_20p_may"}, "version": 335, "at": 1755603381.756528}
{"obj": {"type": "AssignString", "path": ["config", "model", "mm_pretrained_model_path"], "value": ""}, "version": 336, "at": 1755603381.75657}
{"obj": {"type": "AssignInt", "path": ["config", "model", "output_dim"], "value": 20}, "version": 337, "at": 1755603381.7566106}
{"obj": {"type": "AssignBool", "path": ["config", "model", "return_order"], "value": true}, "version": 338, "at": 1755603381.7566507}
{"obj": {"type": "AssignBool", "path": ["config", "model", "contrastive_loss"], "value": false}, "version": 339, "at": 1755603381.756693}
{"obj": {"type": "AssignString", "path": ["config", "model", "encoder_fusion_strategy"], "value": "masked_attention"}, "version": 340, "at": 1755603381.7567363}
{"obj": {"type": "AssignInt", "path": ["config", "model", "encoder_fusion_depth"], "value": 1}, "version": 341, "at": 1755603381.7567763}
{"obj": {"type": "AssignInt", "path": ["config", "model", "encoder_fusion_dim"], "value": 256}, "version": 342, "at": 1755603381.7568161}
{"obj": {"type": "AssignInt", "path": ["config", "model", "encoder_fusion_nhead"], "value": 4}, "version": 343, "at": 1755603381.7568543}
{"obj": {"type": "AssignInt", "path": ["config", "model", "encoder_fusion_dim_feedforward"], "value": 1024}, "version": 344, "at": 1755603381.7568922}
{"obj": {"type": "AssignFloat", "path": ["config", "model", "encoder_fusion_dropout"], "value": 0.1}, "version": 345, "at": 1755603381.756934}
{"obj": {"type": "AssignString", "path": ["config", "model", "fusion_strategy"], "value": "mask_attention"}, "version": 346, "at": 1755603381.756979}
{"obj": {"type": "AssignInt", "path": ["config", "model", "perceiver_fusion_depth"], "value": 1}, "version": 347, "at": 1755603381.7570207}
{"obj": {"type": "AssignInt", "path": ["config", "model", "perceiver_fusion_dim"], "value": 256}, "version": 348, "at": 1755603381.7570596}
{"obj": {"type": "AssignInt", "path": ["config", "model", "perceiver_modalities_dim", "rna"], "value": 32}, "version": 349, "at": 1755603381.7571285}
{"obj": {"type": "AssignInt", "path": ["config", "model", "perceiver_modalities_dim", "dnam"], "value": 8}, "version": 350, "at": 1755603381.757171}
{"obj": {"type": "AssignInt", "path": ["config", "model", "perceiver_lattent_dim"], "value": 32}, "version": 351, "at": 1755603381.7572114}
{"obj": {"type": "AssignInt", "path": ["config", "model", "perceiver_fusion_nhead"], "value": 2}, "version": 352, "at": 1755603381.7572496}
{"obj": {"type": "AssignInt", "path": ["config", "model", "fusion_depth"], "value": 1}, "version": 353, "at": 1755603381.7572875}
{"obj": {"type": "AssignInt", "path": ["config", "model", "fusion_dim"], "value": 256}, "version": 354, "at": 1755603381.757328}
{"obj": {"type": "AssignInt", "path": ["config", "model", "fusion_nhead"], "value": 4}, "version": 355, "at": 1755603381.7573664}
{"obj": {"type": "AssignInt", "path": ["config", "model", "fusion_dim_feedforward"], "value": 0}, "version": 356, "at": 1755603381.7574072}
{"obj": {"type": "AssignFloat", "path": ["config", "model", "fusion_dropout"], "value": 0.1}, "version": 357, "at": 1755603381.757447}
{"obj": {"type": "AssignString", "path": ["config", "model", "fusion_logits"], "value": "mean"}, "version": 358, "at": 1755603381.7574906}
{"obj": {"type": "AssignBool", "path": ["config", "model", "fusion_masking"], "value": false}, "version": 359, "at": 1755603381.7575336}
{"obj": {"type": "AssignBool", "path": ["config", "model", "fusion_strategy_is_pretrained"], "value": false}, "version": 360, "at": 1755603381.7575724}
{"obj": {"type": "AssignBool", "path": ["config", "model", "return_attention"], "value": false}, "version": 361, "at": 1755603381.757614}
{"obj": {"type": "AssignString", "path": ["config", "base", "experiment_name"], "value": "multimodal_rna_dnam_wsi_balanced_survival"}, "version": 362, "at": 1755603381.7576973}
{"obj": {"type": "AssignInt", "path": ["config", "base", "n_epochs"], "value": 50}, "version": 363, "at": 1755603381.7577438}
{"obj": {"type": "AssignInt", "path": ["config", "base", "n_intervals"], "value": 20}, "version": 364, "at": 1755603381.7577827}
{"obj": {"type": "AssignInt", "path": ["config", "base", "random_seed"], "value": 1380}, "version": 365, "at": 1755603381.7578206}
{"obj": {"type": "AssignString", "path": ["config", "base", "optimizer", "name"], "value": "Adam"}, "version": 366, "at": 1755603381.7578893}
{"obj": {"type": "AssignFloat", "path": ["config", "base", "optimizer", "params", "lr"], "value": 0.001}, "version": 367, "at": 1755603381.7579584}
{"obj": {"type": "AssignFloat", "path": ["config", "base", "optimizer", "params", "weight_decay"], "value": 0.01}, "version": 368, "at": 1755603381.758007}
{"obj": {"type": "AssignString", "path": ["config", "base", "scheduler", "name"], "value": "CosineAnnealingLR"}, "version": 369, "at": 1755603381.7580762}
{"obj": {"type": "AssignFloat", "path": ["config", "base", "scheduler", "params", "eta_min"], "value": 5e-06}, "version": 370, "at": 1755603381.758148}
{"obj": {"type": "AssignString", "path": ["config", "base", "type"], "value": "multimodal"}, "version": 371, "at": 1755603381.758204}
{"obj": {"type": "AssignString", "path": ["config", "base", "strategy"], "value": "survival"}, "version": 372, "at": 1755603381.7582493}
{"obj": {"type": "AssignBool", "path": ["config", "base", "multimodal_intersection_test"], "value": true}, "version": 373, "at": 1755603381.7583094}
{"obj": {"type": "AssignString", "path": ["config", "base", "architecture"], "value": "MAE"}, "version": 374, "at": 1755603381.7583592}
{"obj": {"type": "AssignInt", "path": ["config", "base", "splits"], "value": 5}, "version": 375, "at": 1755603381.758403}
{"obj": {"type": "AssignString", "path": ["config", "base", "save_path"], "value": "outputs/models/"}, "version": 376, "at": 1755603381.758447}
{"obj": {"type": "AssignString", "path": ["config", "base", "data_path"], "value": "src/data/dataset_full_tcga_all_balanced.csv"}, "version": 377, "at": 1755603381.7585096}
{"obj": {"type": "AssignString", "path": ["config", "base", "rna_dataset_path"], "value": "src/data/rna_dataset_full_tcga.csv"}, "version": 378, "at": 1755603381.758576}
{"obj": {"type": "AssignString", "path": ["config", "base", "device"], "value": "cuda:0"}, "version": 379, "at": 1755603381.7586215}
{"obj": {"type": "AssignString", "path": ["config", "base", "remove_nan_column"], "value": "RNA"}, "version": 380, "at": 1755603381.758669}
{"obj": {"type": "AssignInt", "path": ["config", "base", "batch_size"], "value": 24}, "version": 381, "at": 1755603381.7587087}
{"obj": {"type": "AssignBool", "path": ["config", "base", "log", "logging"], "value": true}, "version": 382, "at": 1755603381.7587771}
{"obj": {"type": "AssignString", "path": ["config", "base", "log", "logging_platform"], "value": "neptune"}, "version": 383, "at": 1755603381.7588253}
{"obj": {"type": "AssignString", "path": ["config", "base", "log", "project_name"], "value": "almachan2358/cancer-mtcp"}, "version": 384, "at": 1755603381.758869}
{"obj": {"type": "AssignString", "path": ["config", "base", "log", "run_name"], "value": "survival1"}, "version": 385, "at": 1755603381.7589126}
{"obj": {"type": "AssignString", "path": ["config", "base", "log", "api_token"], "value": "eyJhcGlfYWRkcmVzcyI6Imh0dHBzOi8vYXBwLm5lcHR1bmUuYWkiLCJhcGlfdXJsIjoiaHR0cHM6Ly9hcHAubmVwdHVuZS5haSIsImFwaV9rZXkiOiI1Nzg4MGQxNS0zMjM1LTQ4NTUtYTViYy01ZjExNWU4N2JiOTYifQ=="}, "version": 386, "at": 1755603381.7589548}
{"obj": {"type": "AssignBool", "path": ["config", "data", "rna", "is_cluster_genes"], "value": false}, "version": 387, "at": 1755603381.7590525}
{"obj": {"type": "AssignBool", "path": ["config", "data", "rna", "is_hierarchical_clusters"], "value": true}, "version": 388, "at": 1755603381.7590983}
{"obj": {"type": "AssignFloat", "path": ["config", "data", "rna", "clustering_threshold"], "value": 0.7}, "version": 389, "at": 1755603381.759139}
{"obj": {"type": "AssignString", "path": ["config", "data", "rna", "scaling_method"], "value": ""}, "version": 390, "at": 1755603381.759185}
{"obj": {"type": "AssignFloat", "path": ["config", "data", "rna", "var_threshold"], "value": 0.0}, "version": 391, "at": 1755603381.7593544}
{"obj": {"type": "AssignString", "path": ["config", "data", "rna", "root_path"], "value": "../"}, "version": 392, "at": 1755603381.7594066}
{"obj": {"type": "AssignString", "path": ["config", "data", "rna", "rna_dataset_path"], "value": "src/data/rna_balanced_dataset.csv"}, "version": 393, "at": 1755603381.7594502}
{"obj": {"type": "AssignBool", "path": ["config", "data", "cnv", "is_cluster_genes"], "value": false}, "version": 394, "at": 1755603381.759516}
{"obj": {"type": "AssignBool", "path": ["config", "data", "cnv", "is_hierarchical_clusters"], "value": false}, "version": 395, "at": 1755603381.7595596}
{"obj": {"type": "AssignFloat", "path": ["config", "data", "cnv", "clustering_threshold"], "value": 0.7}, "version": 396, "at": 1755603381.759601}
{"obj": {"type": "AssignString", "path": ["config", "data", "cnv", "scaling_method"], "value": ""}, "version": 397, "at": 1755603381.7596457}
{"obj": {"type": "AssignFloat", "path": ["config", "data", "cnv", "var_threshold"], "value": 0.0}, "version": 398, "at": 1755603381.759712}
{"obj": {"type": "AssignString", "path": ["config", "data", "cnv", "root_path"], "value": "../"}, "version": 399, "at": 1755603381.7597678}
{"obj": {"type": "AssignString", "path": ["config", "data", "cnv", "cnv_dataset_path"], "value": "src/data/cnv_dataset_full_tcga.csv"}, "version": 400, "at": 1755603381.7598119}
{"obj": {"type": "AssignString", "path": ["config", "data", "mri", "tensor_name"], "value": "roi"}, "version": 401, "at": 1755603381.760067}
{"obj": {"type": "AssignString", "path": ["config", "data", "mri", "root_path"], "value": "/data/BraTS_2023/MRI"}, "version": 402, "at": 1755603381.7601166}
{"obj": {"type": "AssignBool", "path": ["config", "data", "dnam", "is_cluster_genes"], "value": false}, "version": 403, "at": 1755603381.7601879}
{"obj": {"type": "AssignBool", "path": ["config", "data", "dnam", "is_hierarchical_clusters"], "value": true}, "version": 404, "at": 1755603381.760233}
{"obj": {"type": "AssignString", "path": ["config", "data", "dnam", "scaling_method"], "value": ""}, "version": 405, "at": 1755603381.7602777}
{"obj": {"type": "AssignFloat", "path": ["config", "data", "dnam", "clustering_threshold"], "value": 0.7}, "version": 406, "at": 1755603381.7603433}
{"obj": {"type": "AssignFloat", "path": ["config", "data", "dnam", "var_threshold"], "value": 0.0}, "version": 407, "at": 1755603381.7603881}
{"obj": {"type": "AssignString", "path": ["config", "data", "dnam", "dnam_dataset_path"], "value": "src/data/dna_balanced_dataset.csv"}, "version": 408, "at": 1755603381.7604346}
{"obj": {"type": "AssignString", "path": ["config", "data", "clinical", "dataset_path"], "value": "src/data/dataset_glioma_with_treatment.csv"}, "version": 409, "at": 1755603381.7605054}
{"obj": {"type": "AssignInt", "path": ["config", "data", "wsi", "max_patches_per_sample"], "value": 10}, "version": 410, "at": 1755603381.7606096}
{"obj": {"type": "AssignBool", "path": ["config", "data", "wsi", "random_patch_selection"], "value": true}, "version": 411, "at": 1755603381.760657}
{"obj": {"type": "LogStrings", "path": ["monitoring", "c78de979", "stderr"], "values": [{"value": "[neptune] [warning] /workspace/mtcp/src/utils.py:466: NeptuneUnsupportedType: You're attempting to log a type that is not directly supported by Neptune (<class 'list'>).\n        Convert the value to a supported type, such as a string or float, or use stringify_unsupported(obj)\n        for dictionaries or collections that contain unsupported values.\n        For more, see https://docs-legacy.neptune.ai/help/value_of_unsupported_type\n", "step": null, "ts": 1755603381.7609062}]}, "version": 412, "at": 1755603381.760969}
{"obj": {"type": "LogFloats", "path": ["monitoring", "c78de979", "cpu"], "values": [{"value": 28.7, "step": null, "ts": 1755603381.7369556}]}, "version": 413, "at": 1755603381.762303}
{"obj": {"type": "LogStrings", "path": ["monitoring", "c78de979", "stdout"], "values": [{"value": "Fold #0", "step": null, "ts": 1755603381.7624717}]}, "version": 414, "at": 1755603381.762498}
{"obj": {"type": "LogFloats", "path": ["monitoring", "c78de979", "memory"], "values": [{"value": 325.0544242858887, "step": null, "ts": 1755603381.7369556}]}, "version": 415, "at": 1755603381.7628093}
{"obj": {"type": "LogStrings", "path": ["monitoring", "c78de979", "stdout"], "values": [{"value": "\n", "step": null, "ts": 1755603381.764382}]}, "version": 416, "at": 1755603381.7644114}
{"obj": {"type": "LogFloats", "path": ["monitoring", "c78de979", "gpu_1"], "values": [{"value": 56.0, "step": null, "ts": 1755603381.7369556}]}, "version": 417, "at": 1755603381.7647586}
{"obj": {"type": "LogStrings", "path": ["monitoring", "c78de979", "stdout"], "values": [{"value": "Define splits: ", "step": null, "ts": 1755603381.7649653}]}, "version": 418, "at": 1755603381.7649853}
{"obj": {"type": "LogFloats", "path": ["monitoring", "c78de979", "gpu_2"], "values": [{"value": 26.0, "step": null, "ts": 1755603381.7369556}]}, "version": 419, "at": 1755603381.7650914}
{"obj": {"type": "LogStrings", "path": ["monitoring", "c78de979", "stdout"], "values": [{"value": "\n", "step": null, "ts": 1755603381.765176}]}, "version": 420, "at": 1755603381.7651947}
{"obj": {"type": "LogFloats", "path": ["monitoring", "c78de979", "gpu_3"], "values": [{"value": 44.0, "step": null, "ts": 1755603381.7369556}]}, "version": 421, "at": 1755603381.7652872}
{"obj": {"type": "LogFloats", "path": ["monitoring", "c78de979", "gpu_memory_0"], "values": [{"value": 4.24603271484375, "step": null, "ts": 1755603381.7369556}]}, "version": 422, "at": 1755603381.765364}
{"obj": {"type": "LogFloats", "path": ["monitoring", "c78de979", "gpu_memory_1"], "values": [{"value": 15.00164794921875, "step": null, "ts": 1755603381.7369556}]}, "version": 423, "at": 1755603381.765421}
{"obj": {"type": "LogFloats", "path": ["monitoring", "c78de979", "gpu_memory_2"], "values": [{"value": 15.32586669921875, "step": null, "ts": 1755603381.7369556}]}, "version": 424, "at": 1755603381.765475}
{"obj": {"type": "LogFloats", "path": ["monitoring", "c78de979", "gpu_memory_3"], "values": [{"value": 11.92108154296875, "step": null, "ts": 1755603381.7369556}]}, "version": 425, "at": 1755603381.7655606}
{"obj": {"type": "LogFloats", "path": ["monitoring", "c78de979", "gpu_memory_4"], "values": [{"value": 8.55242919921875, "step": null, "ts": 1755603381.7369556}]}, "version": 426, "at": 1755603381.7656112}
{"obj": {"type": "LogFloats", "path": ["monitoring", "c78de979", "gpu_memory_5"], "values": [{"value": 33.25946044921875, "step": null, "ts": 1755603381.7369556}]}, "version": 427, "at": 1755603381.7656608}
{"obj": {"type": "LogFloats", "path": ["monitoring", "c78de979", "gpu_power_0"], "values": [{"value": 25.798, "step": null, "ts": 1755603381.7369556}]}, "version": 428, "at": 1755603381.7657132}
{"obj": {"type": "LogFloats", "path": ["monitoring", "c78de979", "gpu_power_1"], "values": [{"value": 179.454, "step": null, "ts": 1755603381.7369556}]}, "version": 429, "at": 1755603381.7657619}
{"obj": {"type": "LogFloats", "path": ["monitoring", "c78de979", "gpu_power_2"], "values": [{"value": 88.95, "step": null, "ts": 1755603381.7369556}]}, "version": 430, "at": 1755603381.7658114}
{"obj": {"type": "LogFloats", "path": ["monitoring", "c78de979", "gpu_power_3"], "values": [{"value": 119.406, "step": null, "ts": 1755603381.7369556}]}, "version": 431, "at": 1755603381.765887}
{"obj": {"type": "LogFloats", "path": ["monitoring", "c78de979", "gpu_power_4"], "values": [{"value": 54.958, "step": null, "ts": 1755603381.7369556}]}, "version": 432, "at": 1755603381.7661223}
{"obj": {"type": "LogFloats", "path": ["monitoring", "c78de979", "gpu_power_5"], "values": [{"value": 18.272, "step": null, "ts": 1755603381.7369556}]}, "version": 433, "at": 1755603381.766175}
{"obj": {"type": "LogStrings", "path": ["monitoring", "c78de979", "stdout"], "values": [{"value": "Dataset shape before: ", "step": null, "ts": 1755603381.8385415}]}, "version": 434, "at": 1755603381.838614}
{"obj": {"type": "LogStrings", "path": ["monitoring", "c78de979", "stdout"], "values": [{"value": " ", "step": null, "ts": 1755603381.840736}]}, "version": 435, "at": 1755603381.8407834}
{"obj": {"type": "LogStrings", "path": ["monitoring", "c78de979", "stdout"], "values": [{"value": "(10082, 23)", "step": null, "ts": 1755603381.8445213}]}, "version": 436, "at": 1755603381.8445528}
{"obj": {"type": "LogStrings", "path": ["monitoring", "c78de979", "stdout"], "values": [{"value": "\n", "step": null, "ts": 1755603381.8452334}]}, "version": 437, "at": 1755603381.845256}
{"obj": {"type": "LogStrings", "path": ["monitoring", "c78de979", "stdout"], "values": [{"value": "Dataset shape before: ", "step": null, "ts": 1755603381.845857}]}, "version": 438, "at": 1755603381.845882}
{"obj": {"type": "LogStrings", "path": ["monitoring", "c78de979", "stdout"], "values": [{"value": " ", "step": null, "ts": 1755603381.8465886}]}, "version": 439, "at": 1755603381.8466098}
{"obj": {"type": "LogStrings", "path": ["monitoring", "c78de979", "stdout"], "values": [{"value": "(1104, 23)", "step": null, "ts": 1755603381.847577}]}, "version": 440, "at": 1755603381.8475883}
{"obj": {"type": "LogStrings", "path": ["monitoring", "c78de979", "stdout"], "values": [{"value": "\n", "step": null, "ts": 1755603381.8478582}]}, "version": 441, "at": 1755603381.847868}
{"obj": {"type": "LogStrings", "path": ["monitoring", "c78de979", "stdout"], "values": [{"value": "Dataset shape after: ", "step": null, "ts": 1755603381.8504078}]}, "version": 442, "at": 1755603381.8504224}
{"obj": {"type": "LogStrings", "path": ["monitoring", "c78de979", "stdout"], "values": [{"value": " ", "step": null, "ts": 1755603381.8506045}]}, "version": 443, "at": 1755603381.850615}
{"obj": {"type": "LogStrings", "path": ["monitoring", "c78de979", "stdout"], "values": [{"value": "(792, 23)", "step": null, "ts": 1755603381.8509302}]}, "version": 444, "at": 1755603381.8509407}
{"obj": {"type": "LogStrings", "path": ["monitoring", "c78de979", "stdout"], "values": [{"value": "\n", "step": null, "ts": 1755603381.850985}]}, "version": 445, "at": 1755603381.8509953}
{"obj": {"type": "LogStrings", "path": ["monitoring", "c78de979", "stdout"], "values": [{"value": "Apply max_samples_per_test", "step": null, "ts": 1755603381.8510349}]}, "version": 446, "at": 1755603381.851044}
{"obj": {"type": "LogStrings", "path": ["monitoring", "c78de979", "stdout"], "values": [{"value": " ", "step": null, "ts": 1755603381.8510826}]}, "version": 447, "at": 1755603381.8510919}
{"obj": {"type": "LogStrings", "path": ["monitoring", "c78de979", "stdout"], "values": [{"value": "(529, 23)", "step": null, "ts": 1755603381.851128}]}, "version": 448, "at": 1755603381.8511364}
{"obj": {"type": "LogStrings", "path": ["monitoring", "c78de979", "stdout"], "values": [{"value": "\n", "step": null, "ts": 1755603381.8511767}]}, "version": 449, "at": 1755603381.8511853}
{"obj": {"type": "LogStrings", "path": ["monitoring", "c78de979", "stdout"], "values": [{"value": "Multimodal intersection test: ", "step": null, "ts": 1755603381.851225}]}, "version": 450, "at": 1755603381.8512337}
{"obj": {"type": "LogStrings", "path": ["monitoring", "c78de979", "stdout"], "values": [{"value": " ", "step": null, "ts": 1755603381.851272}]}, "version": 451, "at": 1755603381.851281}
{"obj": {"type": "LogStrings", "path": ["monitoring", "c78de979", "stdout"], "values": [{"value": "(103, 23)", "step": null, "ts": 1755603381.8513155}]}, "version": 452, "at": 1755603381.851324}
{"obj": {"type": "LogStrings", "path": ["monitoring", "c78de979", "stdout"], "values": [{"value": "\n", "step": null, "ts": 1755603381.8513615}]}, "version": 453, "at": 1755603381.8513694}
{"obj": {"type": "LogStrings", "path": ["monitoring", "c78de979", "stdout"], "values": [{"value": "Model path", "step": null, "ts": 1755603381.851407}]}, "version": 454, "at": 1755603381.851416}
{"obj": {"type": "LogStrings", "path": ["monitoring", "c78de979", "stdout"], "values": [{"value": " ", "step": null, "ts": 1755603381.8514519}]}, "version": 455, "at": 1755603381.8514597}
{"obj": {"type": "LogStrings", "path": ["monitoring", "c78de979", "stdout"], "values": [{"value": "outputs/models/_split_0.pth", "step": null, "ts": 1755603381.8514986}]}, "version": 456, "at": 1755603381.8515067}
{"obj": {"type": "LogStrings", "path": ["monitoring", "c78de979", "stdout"], "values": [{"value": "\n", "step": null, "ts": 1755603381.8515446}]}, "version": 457, "at": 1755603381.8515527}
{"obj": {"type": "LogStrings", "path": ["monitoring", "c78de979", "stdout"], "values": [{"value": "Model path", "step": null, "ts": 1755603381.8515897}]}, "version": 458, "at": 1755603381.851598}
{"obj": {"type": "LogStrings", "path": ["monitoring", "c78de979", "stdout"], "values": [{"value": " ", "step": null, "ts": 1755603381.8516362}]}, "version": 459, "at": 1755603381.8516452}
{"obj": {"type": "LogStrings", "path": ["monitoring", "c78de979", "stdout"], "values": [{"value": "outputs/models/mri_mae_pretrain_t1c_num_layers_enc_4_dec_2_split_0.pth", "step": null, "ts": 1755603381.851683}]}, "version": 460, "at": 1755603381.851691}
{"obj": {"type": "LogStrings", "path": ["monitoring", "c78de979", "stdout"], "values": [{"value": "\n", "step": null, "ts": 1755603381.8517284}]}, "version": 461, "at": 1755603381.851736}
{"obj": {"type": "LogStrings", "path": ["monitoring", "c78de979", "stdout"], "values": [{"value": "Model path", "step": null, "ts": 1755603381.8517826}]}, "version": 462, "at": 1755603381.8517907}
{"obj": {"type": "LogStrings", "path": ["monitoring", "c78de979", "stdout"], "values": [{"value": " ", "step": null, "ts": 1755603381.8518286}]}, "version": 463, "at": 1755603381.851837}
{"obj": {"type": "LogStrings", "path": ["monitoring", "c78de979", "stdout"], "values": [{"value": "outputs/models/dna_without_clusters_mae_survival_split_0.pth", "step": null, "ts": 1755603381.8518727}]}, "version": 464, "at": 1755603381.8518815}
{"obj": {"type": "LogStrings", "path": ["monitoring", "c78de979", "stdout"], "values": [{"value": "\n", "step": null, "ts": 1755603381.8519177}]}, "version": 465, "at": 1755603381.8519268}
{"obj": {"type": "LogStrings", "path": ["monitoring", "c78de979", "stdout"], "values": [{"value": "Model path", "step": null, "ts": 1755603381.8519988}]}, "version": 466, "at": 1755603381.8520079}
{"obj": {"type": "LogStrings", "path": ["monitoring", "c78de979", "stdout"], "values": [{"value": " ", "step": null, "ts": 1755603381.8521836}]}, "version": 467, "at": 1755603381.8521929}
{"obj": {"type": "LogStrings", "path": ["monitoring", "c78de979", "stdout"], "values": [{"value": "outputs/models/unimodal_wsi_800_mae_2conv_all_data_balanced/unimodal_wsi_800_mae_2conv_all_data_balanced_split_0.pth", "step": null, "ts": 1755603381.8522327}]}, "version": 468, "at": 1755603381.852241}
{"obj": {"type": "LogStrings", "path": ["monitoring", "c78de979", "stdout"], "values": [{"value": "\n", "step": null, "ts": 1755603381.8522818}]}, "version": 469, "at": 1755603381.8522902}
{"obj": {"type": "LogStrings", "path": ["monitoring", "c78de979", "stdout"], "values": [{"value": "Scaling method: ", "step": null, "ts": 1755603381.852329}]}, "version": 470, "at": 1755603381.8523371}
{"obj": {"type": "LogStrings", "path": ["monitoring", "c78de979", "stdout"], "values": [{"value": " ", "step": null, "ts": 1755603381.852373}]}, "version": 471, "at": 1755603381.8523805}
{"obj": {"type": "LogStrings", "path": ["monitoring", "c78de979", "stdout"], "values": [{"value": "None", "step": null, "ts": 1755603381.8524187}]}, "version": 472, "at": 1755603381.8524277}
{"obj": {"type": "LogStrings", "path": ["monitoring", "c78de979", "stdout"], "values": [{"value": "\n", "step": null, "ts": 1755603381.8524644}]}, "version": 473, "at": 1755603381.8524752}
{"obj": {"type": "LogStrings", "path": ["monitoring", "c78de979", "stdout"], "values": [{"value": "self.cfg.base.get(project_ids):", "step": null, "ts": 1755603381.852513}]}, "version": 474, "at": 1755603381.852522}
{"obj": {"type": "LogStrings", "path": ["monitoring", "c78de979", "stdout"], "values": [{"value": " ", "step": null, "ts": 1755603381.8525603}]}, "version": 475, "at": 1755603381.8525686}
{"obj": {"type": "LogStrings", "path": ["monitoring", "c78de979", "stdout"], "values": [{"value": "['LGG', 'GBM']", "step": null, "ts": 1755603381.852606}]}, "version": 476, "at": 1755603381.8526149}
{"obj": {"type": "LogStrings", "path": ["monitoring", "c78de979", "stdout"], "values": [{"value": "\n", "step": null, "ts": 1755603381.852652}]}, "version": 477, "at": 1755603381.8526607}
{"obj": {"type": "LogStrings", "path": ["monitoring", "c78de979", "stdout"], "values": [{"value": "Index(['ENSG00000000003.15', 'ENSG00000000005.6', 'ENSG00000000419.13',\n       'ENSG00000000457.14', 'ENSG00000000460.17', 'ENSG00000000938.13',\n       'ENSG00000000971.16', 'ENSG00000001036.14', 'ENSG00000001084.13',\n       'ENSG00000001167.14',\n       ...\n       'ENSG00000288558.2', 'ENSG00000288593.1', 'ENSG00000288607.1',\n       'ENSG00000288611.1', 'ENSG00000288658.1', 'ENSG00000288660.1',\n       'ENSG00000288675.1', 'file_id', 'RNA', 'project_id'],\n      dtype='object', length=18247)", "step": null, "ts": 1755603387.2236297}]}, "version": 478, "at": 1755603387.2237914}
{"obj": {"type": "LogStrings", "path": ["monitoring", "c78de979", "stdout"], "values": [{"value": "\n", "step": null, "ts": 1755603387.2635214}]}, "version": 479, "at": 1755603387.2635512}
{"obj": {"type": "LogStrings", "path": ["monitoring", "c78de979", "stdout"], "values": [{"value": "Preprocess Omics dataset, project_ids ", "step": null, "ts": 1755603387.2636454}]}, "version": 480, "at": 1755603387.2636569}
{"obj": {"type": "LogStrings", "path": ["monitoring", "c78de979", "stdout"], "values": [{"value": " ", "step": null, "ts": 1755603387.2639124}]}, "version": 481, "at": 1755603387.2639225}
{"obj": {"type": "LogStrings", "path": ["monitoring", "c78de979", "stdout"], "values": [{"value": "['LGG', 'GBM']", "step": null, "ts": 1755603387.2641034}]}, "version": 482, "at": 1755603387.2641137}
{"obj": {"type": "LogStrings", "path": ["monitoring", "c78de979", "stdout"], "values": [{"value": "\n", "step": null, "ts": 1755603387.2641683}]}, "version": 483, "at": 1755603387.264177}
{"obj": {"type": "LogStrings", "path": ["monitoring", "c78de979", "stdout"], "values": [{"value": "Preprocess Dataset.shape before ", "step": null, "ts": 1755603387.264965}]}, "version": 484, "at": 1755603387.2649775}
{"obj": {"type": "LogStrings", "path": ["monitoring", "c78de979", "stdout"], "values": [{"value": " ", "step": null, "ts": 1755603387.303627}]}, "version": 485, "at": 1755603387.3036737}
{"obj": {"type": "LogStrings", "path": ["monitoring", "c78de979", "stdout"], "values": [{"value": "(792, 18247)", "step": null, "ts": 1755603387.3062508}]}, "version": 486, "at": 1755603387.3062732}
{"obj": {"type": "LogStrings", "path": ["monitoring", "c78de979", "stdout"], "values": [{"value": "\n", "step": null, "ts": 1755603387.3079283}]}, "version": 487, "at": 1755603387.307941}
{"obj": {"type": "LogStrings", "path": ["monitoring", "c78de979", "stdout"], "values": [{"value": " Preprocess Dataset.shape after ", "step": null, "ts": 1755603387.3079977}]}, "version": 488, "at": 1755603387.308007}
{"obj": {"type": "LogStrings", "path": ["monitoring", "c78de979", "stdout"], "values": [{"value": " ", "step": null, "ts": 1755603387.3080466}]}, "version": 489, "at": 1755603387.3080559}
{"obj": {"type": "LogStrings", "path": ["monitoring", "c78de979", "stdout"], "values": [{"value": "(792, 18247)", "step": null, "ts": 1755603387.3080962}]}, "version": 490, "at": 1755603387.308105}
{"obj": {"type": "LogStrings", "path": ["monitoring", "c78de979", "stdout"], "values": [{"value": "\n", "step": null, "ts": 1755603387.3081434}]}, "version": 491, "at": 1755603387.3081517}
{"obj": {"type": "LogStrings", "path": ["monitoring", "c78de979", "stdout"], "values": [{"value": "!!!!!scaler: ", "step": null, "ts": 1755603387.3083227}]}, "version": 492, "at": 1755603387.3083315}
{"obj": {"type": "LogStrings", "path": ["monitoring", "c78de979", "stdout"], "values": [{"value": " ", "step": null, "ts": 1755603387.3083708}]}, "version": 493, "at": 1755603387.3083797}
{"obj": {"type": "LogStrings", "path": ["monitoring", "c78de979", "stdout"], "values": [{"value": "None", "step": null, "ts": 1755603387.3084154}]}, "version": 494, "at": 1755603387.3084242}
{"obj": {"type": "LogStrings", "path": ["monitoring", "c78de979", "stdout"], "values": [{"value": "\n", "step": null, "ts": 1755603387.308459}]}, "version": 495, "at": 1755603387.308467}
{"obj": {"type": "LogStrings", "path": ["monitoring", "c78de979", "stdout"], "values": [{"value": "RNA Preprocessing......", "step": null, "ts": 1755603387.3085043}]}, "version": 496, "at": 1755603387.3085124}
{"obj": {"type": "LogStrings", "path": ["monitoring", "c78de979", "stdout"], "values": [{"value": "\n", "step": null, "ts": 1755603387.3085542}]}, "version": 497, "at": 1755603387.3085625}
{"obj": {"type": "LogStrings", "path": ["monitoring", "c78de979", "stdout"], "values": [{"value": "     ENSG00000000003.15  ENSG00000000005.6  ENSG00000000419.13  ...  ENSG00000288658.1  ENSG00000288660.1  ENSG00000288675.1\n0             22.218901             1.0460           14.096600  ...             0.2168             0.0000             0.6318\n1             16.476900             0.0110           12.672500  ...             0.1315             0.0000             0.5902\n2             12.864500             0.0211           19.343399  ...             0.0735             0.0000             0.3340\n3             34.395802             0.2149           16.514000  ...             0.2631             0.0000             0.5373\n4             11.434100             0.1086           14.345500  ...             0.2432             0.0000             0.6442\n..                  ...                ...                 ...  ...                ...                ...                ...\n524           17.069700             0.2316           21.020300  ...             0.1941             0.0000             0.5570\n", "step": null, "ts": 1755603390.87876}]}, "version": 498, "at": 1755603390.8792033}
{"obj": {"type": "LogStrings", "path": ["monitoring", "c78de979", "stdout"], "values": [{"value": "\n", "step": null, "ts": 1755603390.879458}]}, "version": 499, "at": 1755603390.879472}
{"obj": {"type": "LogStrings", "path": ["monitoring", "c78de979", "stdout"], "values": [{"value": "[neptune] [warning] Warning: string series 'monitoring/c78de979/stdout' value was longer than 1000 characters and was truncated. This warning is printed only once per series.\n", "step": null, "ts": 1755603390.8795285}]}, "version": 500, "at": 1755603390.879539}
{"obj": {"type": "LogStrings", "path": ["monitoring", "c78de979", "stdout"], "values": [{"value": "Features names: ", "step": null, "ts": 1755603391.2579646}]}, "version": 501, "at": 1755603391.258018}
{"obj": {"type": "LogStrings", "path": ["monitoring", "c78de979", "stdout"], "values": [{"value": " ", "step": null, "ts": 1755603391.25821}]}, "version": 502, "at": 1755603391.258225}
{"obj": {"type": "LogStrings", "path": ["monitoring", "c78de979", "stdout"], "values": [{"value": "['ENSG00000000003.15' 'ENSG00000000005.6' 'ENSG00000000419.13' ...\n 'ENSG00000288658.1' 'ENSG00000288660.1' 'ENSG00000288675.1']", "step": null, "ts": 1755603391.258707}]}, "version": 503, "at": 1755603391.2587209}
{"obj": {"type": "LogStrings", "path": ["monitoring", "c78de979", "stdout"], "values": [{"value": "\n", "step": null, "ts": 1755603391.2588067}]}, "version": 504, "at": 1755603391.2588181}
{"obj": {"type": "LogStrings", "path": ["monitoring", "c78de979", "stdout"], "values": [{"value": "Dataset after scaling", "step": null, "ts": 1755603391.567295}]}, "version": 505, "at": 1755603391.5673378}
{"obj": {"type": "LogStrings", "path": ["monitoring", "c78de979", "stdout"], "values": [{"value": " ", "step": null, "ts": 1755603391.5675018}]}, "version": 506, "at": 1755603391.567515}
{"obj": {"type": "LogStrings", "path": ["monitoring", "c78de979", "stdout"], "values": [{"value": "     ENSG00000000003.15  ENSG00000000005.6  ENSG00000000419.13  ...  ENSG00000288658.1  ENSG00000288660.1  ENSG00000288675.1\n0              2.269330           0.516566            1.958694  ...           0.141591           0.000000           0.353344\n1              2.192878           0.008386            2.004706  ...           0.094697           0.000000           0.355551\n2              2.045718           0.016246            2.344037  ...           0.055182           0.000000           0.224216\n3              2.921203           0.159437            2.344928  ...           0.191304           0.000000           0.352212\n4              1.878084           0.076822            2.034846  ...           0.162209           0.000000           0.370524\n..                  ...                ...                 ...  ...                ...                ...                ...\n524            2.060288           0.148290            2.201043  ...           0.126279           0.000000           0.315183\n", "step": null, "ts": 1755603391.6355715}]}, "version": 507, "at": 1755603391.6356575}
{"obj": {"type": "LogStrings", "path": ["monitoring", "c78de979", "stdout"], "values": [{"value": "\n", "step": null, "ts": 1755603391.6387262}]}, "version": 508, "at": 1755603391.6387477}
{"obj": {"type": "LogFloats", "path": ["monitoring", "c78de979", "cpu"], "values": [{"value": 27.3, "step": null, "ts": 1755603391.766346}]}, "version": 509, "at": 1755603391.7742474}
{"obj": {"type": "LogFloats", "path": ["monitoring", "c78de979", "memory"], "values": [{"value": 325.31627655029297, "step": null, "ts": 1755603391.766346}]}, "version": 510, "at": 1755603391.7746542}
{"obj": {"type": "LogFloats", "path": ["monitoring", "c78de979", "gpu_1"], "values": [{"value": 31.0, "step": null, "ts": 1755603391.766346}]}, "version": 511, "at": 1755603391.775182}
{"obj": {"type": "LogFloats", "path": ["monitoring", "c78de979", "gpu_2"], "values": [{"value": 26.0, "step": null, "ts": 1755603391.766346}]}, "version": 512, "at": 1755603391.7760763}
{"obj": {"type": "LogFloats", "path": ["monitoring", "c78de979", "gpu_3"], "values": [{"value": 28.0, "step": null, "ts": 1755603391.766346}]}, "version": 513, "at": 1755603391.7761974}
{"obj": {"type": "LogFloats", "path": ["monitoring", "c78de979", "gpu_memory_0"], "values": [{"value": 4.24603271484375, "step": null, "ts": 1755603391.766346}]}, "version": 514, "at": 1755603391.7764235}
{"obj": {"type": "LogFloats", "path": ["monitoring", "c78de979", "gpu_memory_1"], "values": [{"value": 15.00164794921875, "step": null, "ts": 1755603391.766346}]}, "version": 515, "at": 1755603391.776769}
{"obj": {"type": "LogFloats", "path": ["monitoring", "c78de979", "gpu_memory_2"], "values": [{"value": 15.32586669921875, "step": null, "ts": 1755603391.766346}]}, "version": 516, "at": 1755603391.7770734}
{"obj": {"type": "LogFloats", "path": ["monitoring", "c78de979", "gpu_memory_3"], "values": [{"value": 11.92108154296875, "step": null, "ts": 1755603391.766346}]}, "version": 517, "at": 1755603391.7772567}
{"obj": {"type": "LogFloats", "path": ["monitoring", "c78de979", "gpu_memory_4"], "values": [{"value": 8.55242919921875, "step": null, "ts": 1755603391.766346}]}, "version": 518, "at": 1755603391.777524}
{"obj": {"type": "LogFloats", "path": ["monitoring", "c78de979", "gpu_memory_5"], "values": [{"value": 33.25946044921875, "step": null, "ts": 1755603391.766346}]}, "version": 519, "at": 1755603391.7780368}
{"obj": {"type": "LogFloats", "path": ["monitoring", "c78de979", "gpu_power_0"], "values": [{"value": 25.31, "step": null, "ts": 1755603391.766346}]}, "version": 520, "at": 1755603391.7781472}
{"obj": {"type": "LogFloats", "path": ["monitoring", "c78de979", "gpu_power_1"], "values": [{"value": 153.348, "step": null, "ts": 1755603391.766346}]}, "version": 521, "at": 1755603391.7782712}
{"obj": {"type": "LogFloats", "path": ["monitoring", "c78de979", "gpu_power_2"], "values": [{"value": 94.868, "step": null, "ts": 1755603391.766346}]}, "version": 522, "at": 1755603391.7784073}
{"obj": {"type": "LogFloats", "path": ["monitoring", "c78de979", "gpu_power_3"], "values": [{"value": 130.701, "step": null, "ts": 1755603391.766346}]}, "version": 523, "at": 1755603391.7785108}
{"obj": {"type": "LogFloats", "path": ["monitoring", "c78de979", "gpu_power_4"], "values": [{"value": 54.507, "step": null, "ts": 1755603391.766346}]}, "version": 524, "at": 1755603391.7786355}
{"obj": {"type": "LogFloats", "path": ["monitoring", "c78de979", "gpu_power_5"], "values": [{"value": 18.285, "step": null, "ts": 1755603391.766346}]}, "version": 525, "at": 1755603391.7787268}
{"obj": {"type": "LogStrings", "path": ["monitoring", "c78de979", "stdout"], "values": [{"value": "Index(['cg00000292', 'cg00002426', 'cg00003994', 'cg00005847', 'cg00006414',\n       'cg00007981', 'cg00008493', 'cg00008713', 'cg00009407', 'cg00011459',\n       ...\n       'cg27655855', 'cg27655905', 'cg27657283', 'cg27661264', 'cg27662379',\n       'cg27662877', 'cg27665659', 'file_id', 'DNAm', 'project_id'],\n      dtype='object', length=25981)", "step": null, "ts": 1755603401.7204244}]}, "version": 526, "at": 1755603401.7206047}
{"obj": {"type": "LogStrings", "path": ["monitoring", "c78de979", "stdout"], "values": [{"value": "\n", "step": null, "ts": 1755603401.721188}]}, "version": 527, "at": 1755603401.721214}
{"obj": {"type": "LogStrings", "path": ["monitoring", "c78de979", "stdout"], "values": [{"value": "Preprocess Omics dataset, project_ids ", "step": null, "ts": 1755603401.7846286}]}, "version": 528, "at": 1755603401.784669}
{"obj": {"type": "LogStrings", "path": ["monitoring", "c78de979", "stdout"], "values": [{"value": " ", "step": null, "ts": 1755603401.7861903}]}, "version": 529, "at": 1755603401.7862074}
{"obj": {"type": "LogStrings", "path": ["monitoring", "c78de979", "stdout"], "values": [{"value": "['LGG', 'GBM']", "step": null, "ts": 1755603401.7869053}]}, "version": 530, "at": 1755603401.7869198}
{"obj": {"type": "LogStrings", "path": ["monitoring", "c78de979", "stdout"], "values": [{"value": "\n", "step": null, "ts": 1755603401.787138}]}, "version": 531, "at": 1755603401.7871509}
{"obj": {"type": "LogStrings", "path": ["monitoring", "c78de979", "stdout"], "values": [{"value": "Preprocess Dataset.shape before ", "step": null, "ts": 1755603401.7872033}]}, "version": 532, "at": 1755603401.7872128}
{"obj": {"type": "LogStrings", "path": ["monitoring", "c78de979", "stdout"], "values": [{"value": " ", "step": null, "ts": 1755603401.7872593}]}, "version": 533, "at": 1755603401.7872684}
{"obj": {"type": "LogStrings", "path": ["monitoring", "c78de979", "stdout"], "values": [{"value": "(920, 25981)", "step": null, "ts": 1755603401.7873137}]}, "version": 534, "at": 1755603401.787324}
{"obj": {"type": "LogStrings", "path": ["monitoring", "c78de979", "stdout"], "values": [{"value": "\n", "step": null, "ts": 1755603401.7873716}]}, "version": 535, "at": 1755603401.7873814}
{"obj": {"type": "LogStrings", "path": ["monitoring", "c78de979", "stdout"], "values": [{"value": " Preprocess Dataset.shape after ", "step": null, "ts": 1755603401.7874258}]}, "version": 536, "at": 1755603401.7874367}
{"obj": {"type": "LogStrings", "path": ["monitoring", "c78de979", "stdout"], "values": [{"value": " ", "step": null, "ts": 1755603401.7874832}]}, "version": 537, "at": 1755603401.7874928}
{"obj": {"type": "LogStrings", "path": ["monitoring", "c78de979", "stdout"], "values": [{"value": "(920, 25981)", "step": null, "ts": 1755603401.7875373}]}, "version": 538, "at": 1755603401.7875466}
{"obj": {"type": "LogStrings", "path": ["monitoring", "c78de979", "stdout"], "values": [{"value": "\n", "step": null, "ts": 1755603401.787592}]}, "version": 539, "at": 1755603401.7876015}
{"obj": {"type": "LogStrings", "path": ["monitoring", "c78de979", "stdout"], "values": [{"value": "!!!!!scaler: ", "step": null, "ts": 1755603401.7876756}]}, "version": 540, "at": 1755603401.7876847}
{"obj": {"type": "LogStrings", "path": ["monitoring", "c78de979", "stdout"], "values": [{"value": " ", "step": null, "ts": 1755603401.7877438}]}, "version": 541, "at": 1755603401.7877524}
{"obj": {"type": "LogStrings", "path": ["monitoring", "c78de979", "stdout"], "values": [{"value": "None", "step": null, "ts": 1755603401.7877977}]}, "version": 542, "at": 1755603401.7878084}
{"obj": {"type": "LogStrings", "path": ["monitoring", "c78de979", "stdout"], "values": [{"value": "\n", "step": null, "ts": 1755603401.7878537}]}, "version": 543, "at": 1755603401.787863}
{"obj": {"type": "LogFloats", "path": ["monitoring", "c78de979", "cpu"], "values": [{"value": 28.2, "step": null, "ts": 1755603401.7823288}]}, "version": 544, "at": 1755603401.8015401}
{"obj": {"type": "LogFloats", "path": ["monitoring", "c78de979", "memory"], "values": [{"value": 325.5829086303711, "step": null, "ts": 1755603401.7823288}]}, "version": 545, "at": 1755603401.8016903}
{"obj": {"type": "LogFloats", "path": ["monitoring", "c78de979", "gpu_1"], "values": [{"value": 14.0, "step": null, "ts": 1755603401.7823288}]}, "version": 546, "at": 1755603401.8017678}
{"obj": {"type": "LogFloats", "path": ["monitoring", "c78de979", "gpu_2"], "values": [{"value": 25.0, "step": null, "ts": 1755603401.7823288}]}, "version": 547, "at": 1755603401.8018253}
{"obj": {"type": "LogFloats", "path": ["monitoring", "c78de979", "gpu_3"], "values": [{"value": 18.0, "step": null, "ts": 1755603401.7823288}]}, "version": 548, "at": 1755603401.8018768}
{"obj": {"type": "LogFloats", "path": ["monitoring", "c78de979", "gpu_memory_0"], "values": [{"value": 4.24603271484375, "step": null, "ts": 1755603401.7823288}]}, "version": 549, "at": 1755603401.8019354}
{"obj": {"type": "LogFloats", "path": ["monitoring", "c78de979", "gpu_memory_1"], "values": [{"value": 15.00164794921875, "step": null, "ts": 1755603401.7823288}]}, "version": 550, "at": 1755603401.8019896}
{"obj": {"type": "LogFloats", "path": ["monitoring", "c78de979", "gpu_memory_2"], "values": [{"value": 15.32586669921875, "step": null, "ts": 1755603401.7823288}]}, "version": 551, "at": 1755603401.8020427}
{"obj": {"type": "LogFloats", "path": ["monitoring", "c78de979", "gpu_memory_3"], "values": [{"value": 11.92108154296875, "step": null, "ts": 1755603401.7823288}]}, "version": 552, "at": 1755603401.8020961}
{"obj": {"type": "LogFloats", "path": ["monitoring", "c78de979", "gpu_memory_4"], "values": [{"value": 8.55242919921875, "step": null, "ts": 1755603401.7823288}]}, "version": 553, "at": 1755603401.8021472}
{"obj": {"type": "LogFloats", "path": ["monitoring", "c78de979", "gpu_memory_5"], "values": [{"value": 33.25946044921875, "step": null, "ts": 1755603401.7823288}]}, "version": 554, "at": 1755603401.8022077}
{"obj": {"type": "LogFloats", "path": ["monitoring", "c78de979", "gpu_power_0"], "values": [{"value": 25.238, "step": null, "ts": 1755603401.7823288}]}, "version": 555, "at": 1755603401.8022609}
{"obj": {"type": "LogFloats", "path": ["monitoring", "c78de979", "gpu_power_1"], "values": [{"value": 150.114, "step": null, "ts": 1755603401.7823288}]}, "version": 556, "at": 1755603401.8023121}
{"obj": {"type": "LogFloats", "path": ["monitoring", "c78de979", "gpu_power_2"], "values": [{"value": 92.277, "step": null, "ts": 1755603401.7823288}]}, "version": 557, "at": 1755603401.802364}
{"obj": {"type": "LogFloats", "path": ["monitoring", "c78de979", "gpu_power_3"], "values": [{"value": 131.952, "step": null, "ts": 1755603401.7823288}]}, "version": 558, "at": 1755603401.8024158}
{"obj": {"type": "LogFloats", "path": ["monitoring", "c78de979", "gpu_power_4"], "values": [{"value": 54.301, "step": null, "ts": 1755603401.7823288}]}, "version": 559, "at": 1755603401.802484}
{"obj": {"type": "LogFloats", "path": ["monitoring", "c78de979", "gpu_power_5"], "values": [{"value": 18.111, "step": null, "ts": 1755603401.7823288}]}, "version": 560, "at": 1755603401.8026006}
{"obj": {"type": "LogStrings", "path": ["monitoring", "c78de979", "stdout"], "values": [{"value": "Index(['cg00000292', 'cg00002426', 'cg00003994', 'cg00005847', 'cg00006414',\n       'cg00007981', 'cg00008493', 'cg00008713', 'cg00009407', 'cg00011459',\n       ...\n       'cg27655855', 'cg27655905', 'cg27657283', 'cg27661264', 'cg27662379',\n       'cg27662877', 'cg27665659', 'file_id', 'DNAm', 'project_id'],\n      dtype='object', length=25981)", "step": null, "ts": 1755603411.5913372}]}, "version": 561, "at": 1755603411.591595}
{"obj": {"type": "LogStrings", "path": ["monitoring", "c78de979", "stdout"], "values": [{"value": "\n", "step": null, "ts": 1755603411.668384}]}, "version": 562, "at": 1755603411.6684573}
{"obj": {"type": "LogStrings", "path": ["monitoring", "c78de979", "stdout"], "values": [{"value": "Preprocess Omics dataset, project_ids ", "step": null, "ts": 1755603411.6686978}]}, "version": 563, "at": 1755603411.6687315}
{"obj": {"type": "LogStrings", "path": ["monitoring", "c78de979", "stdout"], "values": [{"value": " ", "step": null, "ts": 1755603411.7389748}]}, "version": 564, "at": 1755603411.739021}
{"obj": {"type": "LogStrings", "path": ["monitoring", "c78de979", "stdout"], "values": [{"value": "['LGG', 'GBM']", "step": null, "ts": 1755603411.7435572}]}, "version": 565, "at": 1755603411.7435865}
{"obj": {"type": "LogStrings", "path": ["monitoring", "c78de979", "stdout"], "values": [{"value": "\n", "step": null, "ts": 1755603411.7436647}]}, "version": 566, "at": 1755603411.743676}
{"obj": {"type": "LogStrings", "path": ["monitoring", "c78de979", "stdout"], "values": [{"value": "Preprocess Dataset.shape before ", "step": null, "ts": 1755603411.7437265}]}, "version": 567, "at": 1755603411.7437358}
{"obj": {"type": "LogStrings", "path": ["monitoring", "c78de979", "stdout"], "values": [{"value": " ", "step": null, "ts": 1755603411.7438257}]}, "version": 568, "at": 1755603411.743835}
{"obj": {"type": "LogStrings", "path": ["monitoring", "c78de979", "stdout"], "values": [{"value": "(920, 25981)", "step": null, "ts": 1755603411.7438734}]}, "version": 569, "at": 1755603411.7438815}
{"obj": {"type": "LogStrings", "path": ["monitoring", "c78de979", "stdout"], "values": [{"value": "\n", "step": null, "ts": 1755603411.7439399}]}, "version": 570, "at": 1755603411.7439487}
{"obj": {"type": "LogStrings", "path": ["monitoring", "c78de979", "stdout"], "values": [{"value": " Preprocess Dataset.shape after ", "step": null, "ts": 1755603411.7441778}]}, "version": 571, "at": 1755603411.7441883}
{"obj": {"type": "LogStrings", "path": ["monitoring", "c78de979", "stdout"], "values": [{"value": " ", "step": null, "ts": 1755603411.7495062}]}, "version": 572, "at": 1755603411.7495248}
{"obj": {"type": "LogStrings", "path": ["monitoring", "c78de979", "stdout"], "values": [{"value": "(920, 25981)", "step": null, "ts": 1755603411.7495925}]}, "version": 573, "at": 1755603411.7496023}
{"obj": {"type": "LogStrings", "path": ["monitoring", "c78de979", "stdout"], "values": [{"value": "\n", "step": null, "ts": 1755603411.749844}]}, "version": 574, "at": 1755603411.7498543}
{"obj": {"type": "LogStrings", "path": ["monitoring", "c78de979", "stdout"], "values": [{"value": "RNA Preprocessing......", "step": null, "ts": 1755603411.7560256}]}, "version": 575, "at": 1755603411.7560394}
{"obj": {"type": "LogStrings", "path": ["monitoring", "c78de979", "stdout"], "values": [{"value": "\n", "step": null, "ts": 1755603411.7561512}]}, "version": 576, "at": 1755603411.7561617}
{"obj": {"type": "LogFloats", "path": ["monitoring", "c78de979", "cpu"], "values": [{"value": 26.5, "step": null, "ts": 1755603411.8028405}]}, "version": 577, "at": 1755603411.8559194}
{"obj": {"type": "LogFloats", "path": ["monitoring", "c78de979", "memory"], "values": [{"value": 325.62014389038086, "step": null, "ts": 1755603411.8028405}]}, "version": 578, "at": 1755603411.8562055}
{"obj": {"type": "LogFloats", "path": ["monitoring", "c78de979", "gpu_2"], "values": [{"value": 26.0, "step": null, "ts": 1755603411.8028405}]}, "version": 579, "at": 1755603411.8570619}
{"obj": {"type": "LogFloats", "path": ["monitoring", "c78de979", "gpu_memory_0"], "values": [{"value": 4.24603271484375, "step": null, "ts": 1755603411.8028405}]}, "version": 580, "at": 1755603411.8571556}
{"obj": {"type": "LogFloats", "path": ["monitoring", "c78de979", "gpu_memory_1"], "values": [{"value": 15.00164794921875, "step": null, "ts": 1755603411.8028405}]}, "version": 581, "at": 1755603411.8628109}
{"obj": {"type": "LogFloats", "path": ["monitoring", "c78de979", "gpu_memory_2"], "values": [{"value": 15.32586669921875, "step": null, "ts": 1755603411.8028405}]}, "version": 582, "at": 1755603411.862927}
{"obj": {"type": "LogFloats", "path": ["monitoring", "c78de979", "gpu_memory_3"], "values": [{"value": 11.92108154296875, "step": null, "ts": 1755603411.8028405}]}, "version": 583, "at": 1755603411.8649836}
{"obj": {"type": "LogFloats", "path": ["monitoring", "c78de979", "gpu_memory_4"], "values": [{"value": 8.55242919921875, "step": null, "ts": 1755603411.8028405}]}, "version": 584, "at": 1755603411.8651178}
{"obj": {"type": "LogFloats", "path": ["monitoring", "c78de979", "gpu_memory_5"], "values": [{"value": 33.25946044921875, "step": null, "ts": 1755603411.8028405}]}, "version": 585, "at": 1755603411.8659308}
{"obj": {"type": "LogFloats", "path": ["monitoring", "c78de979", "gpu_power_0"], "values": [{"value": 25.257, "step": null, "ts": 1755603411.8028405}]}, "version": 586, "at": 1755603411.866011}
{"obj": {"type": "LogFloats", "path": ["monitoring", "c78de979", "gpu_power_1"], "values": [{"value": 161.242, "step": null, "ts": 1755603411.8028405}]}, "version": 587, "at": 1755603411.871639}
{"obj": {"type": "LogFloats", "path": ["monitoring", "c78de979", "gpu_power_2"], "values": [{"value": 97.86, "step": null, "ts": 1755603411.8028405}]}, "version": 588, "at": 1755603411.8717992}
{"obj": {"type": "LogFloats", "path": ["monitoring", "c78de979", "gpu_power_3"], "values": [{"value": 132.272, "step": null, "ts": 1755603411.8028405}]}, "version": 589, "at": 1755603411.8738534}
{"obj": {"type": "LogFloats", "path": ["monitoring", "c78de979", "gpu_power_4"], "values": [{"value": 54.203, "step": null, "ts": 1755603411.8028405}]}, "version": 590, "at": 1755603411.8746338}
{"obj": {"type": "LogFloats", "path": ["monitoring", "c78de979", "gpu_power_5"], "values": [{"value": 17.969, "step": null, "ts": 1755603411.8028405}]}, "version": 591, "at": 1755603411.874701}
{"obj": {"type": "LogStrings", "path": ["monitoring", "c78de979", "stdout"], "values": [{"value": "     cg00000292  cg00002426  cg00003994  cg00005847  cg00006414  ...  cg27657283  cg27661264  cg27662379  cg27662877  cg27665659\n0      0.457403    0.454572    0.110114    0.341383    0.058375  ...    0.048212    0.355772    0.040292    0.058110    0.071528\n1      0.894022    0.836035    0.079503    0.338988    0.087326  ...    0.080636    0.366596    0.048896    0.078410    0.054401\n2      0.953942    0.913951    0.423492    0.530874    0.062929  ...    0.078612    0.394701    0.073605    0.071419    0.091416\n3      0.913170    0.874664    0.271285    0.452420    0.071645  ...    0.059267    0.402044    0.052781    0.076550    0.056795\n4      0.850026    0.636832    0.192624    0.442059    0.104229  ...    0.054850    0.392163    0.048732    0.070829    0.055693\n..          ...         ...         ...         ...         ...  ...         ...         ...         ...         ...         ...\n524    0.419192    0.341942    0.065091    0.779216    0.038687  ...    0.046010    0.408083    0", "step": null, "ts": 1755603416.0995858}]}, "version": 592, "at": 1755603416.0997174}
{"obj": {"type": "LogStrings", "path": ["monitoring", "c78de979", "stdout"], "values": [{"value": "\n", "step": null, "ts": 1755603416.1012151}]}, "version": 593, "at": 1755603416.1012373}
{"obj": {"type": "LogStrings", "path": ["monitoring", "c78de979", "stdout"], "values": [{"value": "Features names: ", "step": null, "ts": 1755603416.3555593}]}, "version": 594, "at": 1755603416.3556068}
{"obj": {"type": "LogStrings", "path": ["monitoring", "c78de979", "stdout"], "values": [{"value": " ", "step": null, "ts": 1755603416.3578117}]}, "version": 595, "at": 1755603416.3578267}
{"obj": {"type": "LogStrings", "path": ["monitoring", "c78de979", "stdout"], "values": [{"value": "['cg00000292' 'cg00002426' 'cg00003994' ... 'cg27662379' 'cg27662877'\n 'cg27665659']", "step": null, "ts": 1755603416.3586333}]}, "version": 596, "at": 1755603416.358646}
{"obj": {"type": "LogStrings", "path": ["monitoring", "c78de979", "stdout"], "values": [{"value": "\n", "step": null, "ts": 1755603416.3589256}]}, "version": 597, "at": 1755603416.3589365}
{"obj": {"type": "LogStrings", "path": ["monitoring", "c78de979", "stdout"], "values": [{"value": "Dataset after scaling", "step": null, "ts": 1755603416.4544115}]}, "version": 598, "at": 1755603416.454473}
{"obj": {"type": "LogStrings", "path": ["monitoring", "c78de979", "stdout"], "values": [{"value": " ", "step": null, "ts": 1755603416.4608245}]}, "version": 599, "at": 1755603416.4608572}
{"obj": {"type": "LogStrings", "path": ["monitoring", "c78de979", "stdout"], "values": [{"value": "     cg00000292  cg00002426  cg00003994  cg00005847  cg00006414  ...  cg27657283  cg27661264  cg27662379  cg27662877  cg27665659\n0      0.457403    0.454572    0.110114    0.341383    0.058375  ...    0.048212    0.355772    0.040292    0.058110    0.071528\n1      0.894022    0.836035    0.079503    0.338988    0.087326  ...    0.080636    0.366596    0.048896    0.078410    0.054401\n2      0.953942    0.913951    0.423492    0.530874    0.062929  ...    0.078612    0.394701    0.073605    0.071419    0.091416\n3      0.913170    0.874664    0.271285    0.452420    0.071645  ...    0.059267    0.402044    0.052781    0.076550    0.056795\n4      0.850026    0.636832    0.192624    0.442059    0.104229  ...    0.054850    0.392163    0.048732    0.070829    0.055693\n..          ...         ...         ...         ...         ...  ...         ...         ...         ...         ...         ...\n524    0.419192    0.341942    0.065091    0.779216    0.038687  ...    0.046010    0.408083    0", "step": null, "ts": 1755603416.5191395}]}, "version": 600, "at": 1755603416.519221}
{"obj": {"type": "LogStrings", "path": ["monitoring", "c78de979", "stdout"], "values": [{"value": "\n", "step": null, "ts": 1755603416.5204337}]}, "version": 601, "at": 1755603416.520481}
{"obj": {"type": "LogStrings", "path": ["monitoring", "c78de979", "stdout"], "values": [{"value": "{'rna': <src.unimodal.rna.preprocessor.RNAPreprocessor object at 0x7f2a00441790>, 'dnam': <src.unimodal.dna.preprocessor.DNAmPreprocessor object at 0x7f2a11095a10>, 'wsi': <src.preprocessor.BaseUnimodalPreprocessor object at 0x7f29d2f51010>}", "step": null, "ts": 1755603416.5214336}]}, "version": 602, "at": 1755603416.5214498}
{"obj": {"type": "LogStrings", "path": ["monitoring", "c78de979", "stdout"], "values": [{"value": "\n", "step": null, "ts": 1755603416.5215516}]}, "version": 603, "at": 1755603416.5215611}
{"obj": {"type": "LogStrings", "path": ["monitoring", "c78de979", "stdout"], "values": [{"value": "padded_transforms_scaling: ", "step": null, "ts": 1755603416.5227108}]}, "version": 604, "at": 1755603416.522722}
{"obj": {"type": "LogStrings", "path": ["monitoring", "c78de979", "stdout"], "values": [{"value": " ", "step": null, "ts": 1755603416.5229757}]}, "version": 605, "at": 1755603416.5229857}
{"obj": {"type": "LogStrings", "path": ["monitoring", "c78de979", "stdout"], "values": [{"value": "26624", "step": null, "ts": 1755603416.5231335}]}, "version": 606, "at": 1755603416.5231428}
{"obj": {"type": "LogStrings", "path": ["monitoring", "c78de979", "stdout"], "values": [{"value": "\n", "step": null, "ts": 1755603416.523181}]}, "version": 607, "at": 1755603416.5231893}
{"obj": {"type": "LogStrings", "path": ["monitoring", "c78de979", "stdout"], "values": [{"value": "rna", "step": null, "ts": 1755603416.523226}]}, "version": 608, "at": 1755603416.5232332}
{"obj": {"type": "LogStrings", "path": ["monitoring", "c78de979", "stdout"], "values": [{"value": " ", "step": null, "ts": 1755603416.5232704}]}, "version": 609, "at": 1755603416.5232782}
{"obj": {"type": "LogStrings", "path": ["monitoring", "c78de979", "stdout"], "values": [{"value": "Compose(\n    Lambda()\n    <src.unimodal.rna.transforms.Scale object at 0x7f29d2f516d0>\n    <src.unimodal.rna.transforms.Padding object at 0x7f29d2f51150>\n)", "step": null, "ts": 1755603416.5233135}]}, "version": 610, "at": 1755603416.5233212}
{"obj": {"type": "LogStrings", "path": ["monitoring", "c78de979", "stdout"], "values": [{"value": "\n", "step": null, "ts": 1755603416.523359}]}, "version": 611, "at": 1755603416.5233662}
{"obj": {"type": "LogStrings", "path": ["monitoring", "c78de979", "stdout"], "values": [{"value": "UnimodalSurvivalTrainer, initilise data", "step": null, "ts": 1755603416.5234025}]}, "version": 612, "at": 1755603416.52341}
{"obj": {"type": "LogStrings", "path": ["monitoring", "c78de979", "stdout"], "values": [{"value": "\n", "step": null, "ts": 1755603416.5234451}]}, "version": 613, "at": 1755603416.5234528}
{"obj": {"type": "LogStrings", "path": ["monitoring", "c78de979", "stdout"], "values": [{"value": "Index(['ENSG00000000003.15', 'ENSG00000000005.6', 'ENSG00000000419.13',\n       'ENSG00000000457.14', 'ENSG00000000460.17', 'ENSG00000000938.13',\n       'ENSG00000000971.16', 'ENSG00000001036.14', 'ENSG00000001084.13',\n       'ENSG00000001167.14',\n       ...\n       'ENSG00000288558.2', 'ENSG00000288593.1', 'ENSG00000288607.1',\n       'ENSG00000288611.1', 'ENSG00000288658.1', 'ENSG00000288660.1',\n       'ENSG00000288675.1', 'file_id', 'RNA', 'project_id'],\n      dtype='object', length=18247)", "step": null, "ts": 1755603421.7628958}]}, "version": 614, "at": 1755603421.7629533}
{"obj": {"type": "LogStrings", "path": ["monitoring", "c78de979", "stdout"], "values": [{"value": "\n", "step": null, "ts": 1755603421.8016145}]}, "version": 615, "at": 1755603421.8016734}
{"obj": {"type": "LogStrings", "path": ["monitoring", "c78de979", "stdout"], "values": [{"value": "Preprocess Omics dataset, project_ids ", "step": null, "ts": 1755603421.8026865}]}, "version": 616, "at": 1755603421.8027267}
{"obj": {"type": "LogStrings", "path": ["monitoring", "c78de979", "stdout"], "values": [{"value": " ", "step": null, "ts": 1755603421.8385017}]}, "version": 617, "at": 1755603421.838546}
{"obj": {"type": "LogStrings", "path": ["monitoring", "c78de979", "stdout"], "values": [{"value": "['LGG', 'GBM']", "step": null, "ts": 1755603421.842408}]}, "version": 618, "at": 1755603421.8424551}
{"obj": {"type": "LogStrings", "path": ["monitoring", "c78de979", "stdout"], "values": [{"value": "\n", "step": null, "ts": 1755603421.8432324}]}, "version": 619, "at": 1755603421.843262}
{"obj": {"type": "LogStrings", "path": ["monitoring", "c78de979", "stdout"], "values": [{"value": "Preprocess Dataset.shape before ", "step": null, "ts": 1755603421.8436437}]}, "version": 620, "at": 1755603421.8436747}
{"obj": {"type": "LogStrings", "path": ["monitoring", "c78de979", "stdout"], "values": [{"value": " ", "step": null, "ts": 1755603421.8443418}]}, "version": 621, "at": 1755603421.8443696}
{"obj": {"type": "LogStrings", "path": ["monitoring", "c78de979", "stdout"], "values": [{"value": "(792, 18247)", "step": null, "ts": 1755603421.8830428}]}, "version": 622, "at": 1755603421.8830802}
{"obj": {"type": "LogStrings", "path": ["monitoring", "c78de979", "stdout"], "values": [{"value": "\n", "step": null, "ts": 1755603421.884058}]}, "version": 623, "at": 1755603421.8840897}
{"obj": {"type": "LogStrings", "path": ["monitoring", "c78de979", "stdout"], "values": [{"value": " Preprocess Dataset.shape after ", "step": null, "ts": 1755603421.8844707}]}, "version": 624, "at": 1755603421.8845005}
{"obj": {"type": "LogStrings", "path": ["monitoring", "c78de979", "stdout"], "values": [{"value": " ", "step": null, "ts": 1755603421.884817}]}, "version": 625, "at": 1755603421.8848345}
{"obj": {"type": "LogStrings", "path": ["monitoring", "c78de979", "stdout"], "values": [{"value": "(792, 18247)", "step": null, "ts": 1755603421.8849354}]}, "version": 626, "at": 1755603421.884952}
{"obj": {"type": "LogStrings", "path": ["monitoring", "c78de979", "stdout"], "values": [{"value": "\n", "step": null, "ts": 1755603421.8850262}]}, "version": 627, "at": 1755603421.8850448}
{"obj": {"type": "LogFloats", "path": ["monitoring", "c78de979", "cpu"], "values": [{"value": 24.9, "step": null, "ts": 1755603421.882754}]}, "version": 628, "at": 1755603421.8975966}
{"obj": {"type": "LogFloats", "path": ["monitoring", "c78de979", "memory"], "values": [{"value": 325.80038833618164, "step": null, "ts": 1755603421.882754}]}, "version": 629, "at": 1755603421.8977363}
{"obj": {"type": "LogFloats", "path": ["monitoring", "c78de979", "gpu_2"], "values": [{"value": 13.0, "step": null, "ts": 1755603421.882754}]}, "version": 630, "at": 1755603421.8978052}
{"obj": {"type": "LogFloats", "path": ["monitoring", "c78de979", "gpu_memory_0"], "values": [{"value": 4.24603271484375, "step": null, "ts": 1755603421.882754}]}, "version": 631, "at": 1755603421.8978617}
{"obj": {"type": "LogFloats", "path": ["monitoring", "c78de979", "gpu_memory_1"], "values": [{"value": 15.00164794921875, "step": null, "ts": 1755603421.882754}]}, "version": 632, "at": 1755603421.8979137}
{"obj": {"type": "LogFloats", "path": ["monitoring", "c78de979", "gpu_memory_2"], "values": [{"value": 15.32586669921875, "step": null, "ts": 1755603421.882754}]}, "version": 633, "at": 1755603421.8979604}
{"obj": {"type": "LogFloats", "path": ["monitoring", "c78de979", "gpu_memory_3"], "values": [{"value": 11.92108154296875, "step": null, "ts": 1755603421.882754}]}, "version": 634, "at": 1755603421.8980086}
{"obj": {"type": "LogFloats", "path": ["monitoring", "c78de979", "gpu_memory_4"], "values": [{"value": 8.55242919921875, "step": null, "ts": 1755603421.882754}]}, "version": 635, "at": 1755603421.898077}
{"obj": {"type": "LogFloats", "path": ["monitoring", "c78de979", "gpu_memory_5"], "values": [{"value": 33.25946044921875, "step": null, "ts": 1755603421.882754}]}, "version": 636, "at": 1755603421.898192}
{"obj": {"type": "LogFloats", "path": ["monitoring", "c78de979", "gpu_power_0"], "values": [{"value": 25.273, "step": null, "ts": 1755603421.882754}]}, "version": 637, "at": 1755603421.8982446}
{"obj": {"type": "LogFloats", "path": ["monitoring", "c78de979", "gpu_power_1"], "values": [{"value": 154.251, "step": null, "ts": 1755603421.882754}]}, "version": 638, "at": 1755603421.898295}
{"obj": {"type": "LogFloats", "path": ["monitoring", "c78de979", "gpu_power_2"], "values": [{"value": 98.414, "step": null, "ts": 1755603421.882754}]}, "version": 639, "at": 1755603421.898346}
{"obj": {"type": "LogFloats", "path": ["monitoring", "c78de979", "gpu_power_3"], "values": [{"value": 107.055, "step": null, "ts": 1755603421.882754}]}, "version": 640, "at": 1755603421.8983953}
{"obj": {"type": "LogFloats", "path": ["monitoring", "c78de979", "gpu_power_4"], "values": [{"value": 54.284, "step": null, "ts": 1755603421.882754}]}, "version": 641, "at": 1755603421.8984404}
{"obj": {"type": "LogFloats", "path": ["monitoring", "c78de979", "gpu_power_5"], "values": [{"value": 17.842, "step": null, "ts": 1755603421.882754}]}, "version": 642, "at": 1755603421.898488}
{"obj": {"type": "LogStrings", "path": ["monitoring", "c78de979", "stdout"], "values": [{"value": "Index(['ENSG00000000003.15', 'ENSG00000000005.6', 'ENSG00000000419.13',\n       'ENSG00000000457.14', 'ENSG00000000460.17', 'ENSG00000000938.13',\n       'ENSG00000000971.16', 'ENSG00000001036.14', 'ENSG00000001084.13',\n       'ENSG00000001167.14',\n       ...\n       'ENSG00000288558.2', 'ENSG00000288593.1', 'ENSG00000288607.1',\n       'ENSG00000288611.1', 'ENSG00000288658.1', 'ENSG00000288660.1',\n       'ENSG00000288675.1', 'file_id', 'RNA', 'project_id'],\n      dtype='object', length=18247)", "step": null, "ts": 1755603427.7481222}]}, "version": 643, "at": 1755603427.748192}
{"obj": {"type": "LogStrings", "path": ["monitoring", "c78de979", "stdout"], "values": [{"value": "\n", "step": null, "ts": 1755603427.7487142}]}, "version": 644, "at": 1755603427.748745}
{"obj": {"type": "LogStrings", "path": ["monitoring", "c78de979", "stdout"], "values": [{"value": "Preprocess Omics dataset, project_ids ", "step": null, "ts": 1755603427.7495832}]}, "version": 645, "at": 1755603427.74961}
{"obj": {"type": "LogStrings", "path": ["monitoring", "c78de979", "stdout"], "values": [{"value": " ", "step": null, "ts": 1755603427.787477}]}, "version": 646, "at": 1755603427.787554}
{"obj": {"type": "LogStrings", "path": ["monitoring", "c78de979", "stdout"], "values": [{"value": "['LGG', 'GBM']", "step": null, "ts": 1755603427.791848}]}, "version": 647, "at": 1755603427.7918777}
{"obj": {"type": "LogStrings", "path": ["monitoring", "c78de979", "stdout"], "values": [{"value": "\n", "step": null, "ts": 1755603427.7926033}]}, "version": 648, "at": 1755603427.792633}
{"obj": {"type": "LogStrings", "path": ["monitoring", "c78de979", "stdout"], "values": [{"value": "Preprocess Dataset.shape before ", "step": null, "ts": 1755603427.7930546}]}, "version": 649, "at": 1755603427.793082}
{"obj": {"type": "LogStrings", "path": ["monitoring", "c78de979", "stdout"], "values": [{"value": " ", "step": null, "ts": 1755603427.7932231}]}, "version": 650, "at": 1755603427.7932477}
{"obj": {"type": "LogStrings", "path": ["monitoring", "c78de979", "stdout"], "values": [{"value": "(792, 18247)", "step": null, "ts": 1755603427.793815}]}, "version": 651, "at": 1755603427.7938397}
{"obj": {"type": "LogStrings", "path": ["monitoring", "c78de979", "stdout"], "values": [{"value": "\n", "step": null, "ts": 1755603427.8369365}]}, "version": 652, "at": 1755603427.8369777}
{"obj": {"type": "LogStrings", "path": ["monitoring", "c78de979", "stdout"], "values": [{"value": " Preprocess Dataset.shape after ", "step": null, "ts": 1755603427.8378015}]}, "version": 653, "at": 1755603427.8378167}
{"obj": {"type": "LogStrings", "path": ["monitoring", "c78de979", "stdout"], "values": [{"value": " ", "step": null, "ts": 1755603427.8384604}]}, "version": 654, "at": 1755603427.8384726}
{"obj": {"type": "LogStrings", "path": ["monitoring", "c78de979", "stdout"], "values": [{"value": "(792, 18247)", "step": null, "ts": 1755603427.8386579}]}, "version": 655, "at": 1755603427.8386686}
{"obj": {"type": "LogStrings", "path": ["monitoring", "c78de979", "stdout"], "values": [{"value": "\n", "step": null, "ts": 1755603427.8387341}]}, "version": 656, "at": 1755603427.8387432}
{"obj": {"type": "LogFloats", "path": ["monitoring", "c78de979", "cpu"], "values": [{"value": 26.6, "step": null, "ts": 1755603431.8986526}]}, "version": 657, "at": 1755603431.9090688}
{"obj": {"type": "LogFloats", "path": ["monitoring", "c78de979", "memory"], "values": [{"value": 325.9346160888672, "step": null, "ts": 1755603431.8986526}]}, "version": 658, "at": 1755603431.9094167}
{"obj": {"type": "LogFloats", "path": ["monitoring", "c78de979", "gpu_1"], "values": [{"value": 27.0, "step": null, "ts": 1755603431.8986526}]}, "version": 659, "at": 1755603431.9095993}
{"obj": {"type": "LogFloats", "path": ["monitoring", "c78de979", "gpu_memory_0"], "values": [{"value": 4.24603271484375, "step": null, "ts": 1755603431.8986526}]}, "version": 660, "at": 1755603431.9097135}
{"obj": {"type": "LogFloats", "path": ["monitoring", "c78de979", "gpu_memory_1"], "values": [{"value": 15.00164794921875, "step": null, "ts": 1755603431.8986526}]}, "version": 661, "at": 1755603431.9099026}
{"obj": {"type": "LogFloats", "path": ["monitoring", "c78de979", "gpu_memory_2"], "values": [{"value": 15.32586669921875, "step": null, "ts": 1755603431.8986526}]}, "version": 662, "at": 1755603431.9103758}
{"obj": {"type": "LogFloats", "path": ["monitoring", "c78de979", "gpu_memory_3"], "values": [{"value": 11.92108154296875, "step": null, "ts": 1755603431.8986526}]}, "version": 663, "at": 1755603431.9105005}
{"obj": {"type": "LogFloats", "path": ["monitoring", "c78de979", "gpu_memory_4"], "values": [{"value": 8.55242919921875, "step": null, "ts": 1755603431.8986526}]}, "version": 664, "at": 1755603431.9109025}
{"obj": {"type": "LogFloats", "path": ["monitoring", "c78de979", "gpu_memory_5"], "values": [{"value": 33.25946044921875, "step": null, "ts": 1755603431.8986526}]}, "version": 665, "at": 1755603431.9112015}
{"obj": {"type": "LogFloats", "path": ["monitoring", "c78de979", "gpu_power_0"], "values": [{"value": 25.485, "step": null, "ts": 1755603431.8986526}]}, "version": 666, "at": 1755603431.9115007}
{"obj": {"type": "LogFloats", "path": ["monitoring", "c78de979", "gpu_power_1"], "values": [{"value": 173.648, "step": null, "ts": 1755603431.8986526}]}, "version": 667, "at": 1755603431.9118583}
{"obj": {"type": "LogFloats", "path": ["monitoring", "c78de979", "gpu_power_2"], "values": [{"value": 98.724, "step": null, "ts": 1755603431.8986526}]}, "version": 668, "at": 1755603431.9120338}
{"obj": {"type": "LogFloats", "path": ["monitoring", "c78de979", "gpu_power_3"], "values": [{"value": 109.742, "step": null, "ts": 1755603431.8986526}]}, "version": 669, "at": 1755603431.9123218}
{"obj": {"type": "LogFloats", "path": ["monitoring", "c78de979", "gpu_power_4"], "values": [{"value": 54.303, "step": null, "ts": 1755603431.8986526}]}, "version": 670, "at": 1755603431.9124413}
{"obj": {"type": "LogFloats", "path": ["monitoring", "c78de979", "gpu_power_5"], "values": [{"value": 17.852, "step": null, "ts": 1755603431.8986526}]}, "version": 671, "at": 1755603431.9127371}
{"obj": {"type": "LogStrings", "path": ["monitoring", "c78de979", "stdout"], "values": [{"value": "Index(['ENSG00000000003.15', 'ENSG00000000005.6', 'ENSG00000000419.13',\n       'ENSG00000000457.14', 'ENSG00000000460.17', 'ENSG00000000938.13',\n       'ENSG00000000971.16', 'ENSG00000001036.14', 'ENSG00000001084.13',\n       'ENSG00000001167.14',\n       ...\n       'ENSG00000288558.2', 'ENSG00000288593.1', 'ENSG00000288607.1',\n       'ENSG00000288611.1', 'ENSG00000288658.1', 'ENSG00000288660.1',\n       'ENSG00000288675.1', 'file_id', 'RNA', 'project_id'],\n      dtype='object', length=18247)", "step": null, "ts": 1755603433.0682003}]}, "version": 672, "at": 1755603433.0683932}
{"obj": {"type": "LogStrings", "path": ["monitoring", "c78de979", "stdout"], "values": [{"value": "\n", "step": null, "ts": 1755603433.1071322}]}, "version": 673, "at": 1755603433.107166}
{"obj": {"type": "LogStrings", "path": ["monitoring", "c78de979", "stdout"], "values": [{"value": "Preprocess Omics dataset, project_ids ", "step": null, "ts": 1755603433.1072812}]}, "version": 674, "at": 1755603433.1072953}
{"obj": {"type": "LogStrings", "path": ["monitoring", "c78de979", "stdout"], "values": [{"value": " ", "step": null, "ts": 1755603433.1083903}]}, "version": 675, "at": 1755603433.1084046}
{"obj": {"type": "LogStrings", "path": ["monitoring", "c78de979", "stdout"], "values": [{"value": "['LGG', 'GBM']", "step": null, "ts": 1755603433.1446166}]}, "version": 676, "at": 1755603433.1446583}
{"obj": {"type": "LogStrings", "path": ["monitoring", "c78de979", "stdout"], "values": [{"value": "\n", "step": null, "ts": 1755603433.147724}]}, "version": 677, "at": 1755603433.1477416}
{"obj": {"type": "LogStrings", "path": ["monitoring", "c78de979", "stdout"], "values": [{"value": "Preprocess Dataset.shape before ", "step": null, "ts": 1755603433.148429}]}, "version": 678, "at": 1755603433.1484468}
{"obj": {"type": "LogStrings", "path": ["monitoring", "c78de979", "stdout"], "values": [{"value": " ", "step": null, "ts": 1755603433.1485517}]}, "version": 679, "at": 1755603433.1485662}
{"obj": {"type": "LogStrings", "path": ["monitoring", "c78de979", "stdout"], "values": [{"value": "(792, 18247)", "step": null, "ts": 1755603433.148832}]}, "version": 680, "at": 1755603433.1488473}
{"obj": {"type": "LogStrings", "path": ["monitoring", "c78de979", "stdout"], "values": [{"value": "\n", "step": null, "ts": 1755603433.1489406}]}, "version": 681, "at": 1755603433.148954}
{"obj": {"type": "LogStrings", "path": ["monitoring", "c78de979", "stdout"], "values": [{"value": " Preprocess Dataset.shape after ", "step": null, "ts": 1755603433.1494608}]}, "version": 682, "at": 1755603433.1494734}
{"obj": {"type": "LogStrings", "path": ["monitoring", "c78de979", "stdout"], "values": [{"value": " ", "step": null, "ts": 1755603433.14955}]}, "version": 683, "at": 1755603433.1495612}
{"obj": {"type": "LogStrings", "path": ["monitoring", "c78de979", "stdout"], "values": [{"value": "(792, 18247)", "step": null, "ts": 1755603433.1877441}]}, "version": 684, "at": 1755603433.1877882}
{"obj": {"type": "LogStrings", "path": ["monitoring", "c78de979", "stdout"], "values": [{"value": "\n", "step": null, "ts": 1755603433.18863}]}, "version": 685, "at": 1755603433.188648}
{"obj": {"type": "LogStrings", "path": ["monitoring", "c78de979", "stdout"], "values": [{"value": "Index(['ENSG00000000003.15', 'ENSG00000000005.6', 'ENSG00000000419.13',\n       'ENSG00000000457.14', 'ENSG00000000460.17', 'ENSG00000000938.13',\n       'ENSG00000000971.16', 'ENSG00000001036.14', 'ENSG00000001084.13',\n       'ENSG00000001167.14',\n       ...\n       'ENSG00000288558.2', 'ENSG00000288593.1', 'ENSG00000288607.1',\n       'ENSG00000288611.1', 'ENSG00000288658.1', 'ENSG00000288660.1',\n       'ENSG00000288675.1', 'file_id', 'RNA', 'project_id'],\n      dtype='object', length=18247)", "step": null, "ts": 1755603438.5285985}]}, "version": 686, "at": 1755603438.5287795}
{"obj": {"type": "LogStrings", "path": ["monitoring", "c78de979", "stdout"], "values": [{"value": "\n", "step": null, "ts": 1755603438.530648}]}, "version": 687, "at": 1755603438.5306923}
{"obj": {"type": "LogStrings", "path": ["monitoring", "c78de979", "stdout"], "values": [{"value": "Preprocess Omics dataset, project_ids ", "step": null, "ts": 1755603438.5677328}]}, "version": 688, "at": 1755603438.5677726}
{"obj": {"type": "LogStrings", "path": ["monitoring", "c78de979", "stdout"], "values": [{"value": " ", "step": null, "ts": 1755603438.56789}]}, "version": 689, "at": 1755603438.5679033}
{"obj": {"type": "LogStrings", "path": ["monitoring", "c78de979", "stdout"], "values": [{"value": "['LGG', 'GBM']", "step": null, "ts": 1755603438.5705245}]}, "version": 690, "at": 1755603438.5705462}
{"obj": {"type": "LogStrings", "path": ["monitoring", "c78de979", "stdout"], "values": [{"value": "\n", "step": null, "ts": 1755603438.5712068}]}, "version": 691, "at": 1755603438.5712185}
{"obj": {"type": "LogStrings", "path": ["monitoring", "c78de979", "stdout"], "values": [{"value": "Preprocess Dataset.shape before ", "step": null, "ts": 1755603438.571299}]}, "version": 692, "at": 1755603438.571309}
{"obj": {"type": "LogStrings", "path": ["monitoring", "c78de979", "stdout"], "values": [{"value": " ", "step": null, "ts": 1755603438.5715747}]}, "version": 693, "at": 1755603438.5715866}
{"obj": {"type": "LogStrings", "path": ["monitoring", "c78de979", "stdout"], "values": [{"value": "(792, 18247)", "step": null, "ts": 1755603438.5720654}]}, "version": 694, "at": 1755603438.572077}
{"obj": {"type": "LogStrings", "path": ["monitoring", "c78de979", "stdout"], "values": [{"value": "\n", "step": null, "ts": 1755603438.5721471}]}, "version": 695, "at": 1755603438.5721579}
{"obj": {"type": "LogStrings", "path": ["monitoring", "c78de979", "stdout"], "values": [{"value": " Preprocess Dataset.shape after ", "step": null, "ts": 1755603438.6108856}]}, "version": 696, "at": 1755603438.6109278}
{"obj": {"type": "LogStrings", "path": ["monitoring", "c78de979", "stdout"], "values": [{"value": " ", "step": null, "ts": 1755603438.6125684}]}, "version": 697, "at": 1755603438.6125836}
{"obj": {"type": "LogStrings", "path": ["monitoring", "c78de979", "stdout"], "values": [{"value": "(792, 18247)", "step": null, "ts": 1755603438.6126974}]}, "version": 698, "at": 1755603438.6127074}
{"obj": {"type": "LogStrings", "path": ["monitoring", "c78de979", "stdout"], "values": [{"value": "\n", "step": null, "ts": 1755603438.6128445}]}, "version": 699, "at": 1755603438.6128535}
{"obj": {"type": "LogStrings", "path": ["monitoring", "c78de979", "stdout"], "values": [{"value": "dnam", "step": null, "ts": 1755603438.6130116}]}, "version": 700, "at": 1755603438.6130228}
{"obj": {"type": "LogStrings", "path": ["monitoring", "c78de979", "stdout"], "values": [{"value": " ", "step": null, "ts": 1755603438.6136682}]}, "version": 701, "at": 1755603438.6136796}
{"obj": {"type": "LogStrings", "path": ["monitoring", "c78de979", "stdout"], "values": [{"value": "<src.unimodal.rna.transforms.Padding object at 0x7f29d2f51790>", "step": null, "ts": 1755603438.6137264}]}, "version": 702, "at": 1755603438.6137354}
{"obj": {"type": "LogStrings", "path": ["monitoring", "c78de979", "stdout"], "values": [{"value": "\n", "step": null, "ts": 1755603438.6137903}]}, "version": 703, "at": 1755603438.6137993}
{"obj": {"type": "LogStrings", "path": ["monitoring", "c78de979", "stdout"], "values": [{"value": "UnimodalSurvivalTrainer, initilise data", "step": null, "ts": 1755603438.6150377}]}, "version": 704, "at": 1755603438.6150486}
{"obj": {"type": "LogStrings", "path": ["monitoring", "c78de979", "stdout"], "values": [{"value": "\n", "step": null, "ts": 1755603438.6152592}]}, "version": 705, "at": 1755603438.61527}
{"obj": {"type": "LogFloats", "path": ["monitoring", "c78de979", "cpu"], "values": [{"value": 28.0, "step": null, "ts": 1755603441.9130063}]}, "version": 706, "at": 1755603441.923289}
{"obj": {"type": "LogFloats", "path": ["monitoring", "c78de979", "memory"], "values": [{"value": 326.2423515319824, "step": null, "ts": 1755603441.9130063}]}, "version": 707, "at": 1755603441.9236298}
{"obj": {"type": "LogFloats", "path": ["monitoring", "c78de979", "gpu_1"], "values": [{"value": 23.0, "step": null, "ts": 1755603441.9130063}]}, "version": 708, "at": 1755603441.9239762}
{"obj": {"type": "LogFloats", "path": ["monitoring", "c78de979", "gpu_memory_0"], "values": [{"value": 4.24603271484375, "step": null, "ts": 1755603441.9130063}]}, "version": 709, "at": 1755603441.9243183}
{"obj": {"type": "LogFloats", "path": ["monitoring", "c78de979", "gpu_memory_1"], "values": [{"value": 15.00164794921875, "step": null, "ts": 1755603441.9130063}]}, "version": 710, "at": 1755603441.924473}
{"obj": {"type": "LogFloats", "path": ["monitoring", "c78de979", "gpu_memory_2"], "values": [{"value": 15.32586669921875, "step": null, "ts": 1755603441.9130063}]}, "version": 711, "at": 1755603441.9246683}
{"obj": {"type": "LogFloats", "path": ["monitoring", "c78de979", "gpu_memory_3"], "values": [{"value": 11.92108154296875, "step": null, "ts": 1755603441.9130063}]}, "version": 712, "at": 1755603441.9248176}
{"obj": {"type": "LogFloats", "path": ["monitoring", "c78de979", "gpu_memory_4"], "values": [{"value": 8.55242919921875, "step": null, "ts": 1755603441.9130063}]}, "version": 713, "at": 1755603441.9249125}
{"obj": {"type": "LogFloats", "path": ["monitoring", "c78de979", "gpu_memory_5"], "values": [{"value": 33.25946044921875, "step": null, "ts": 1755603441.9130063}]}, "version": 714, "at": 1755603441.9251146}
{"obj": {"type": "LogFloats", "path": ["monitoring", "c78de979", "gpu_power_0"], "values": [{"value": 25.618, "step": null, "ts": 1755603441.9130063}]}, "version": 715, "at": 1755603441.9253745}
{"obj": {"type": "LogFloats", "path": ["monitoring", "c78de979", "gpu_power_1"], "values": [{"value": 147.489, "step": null, "ts": 1755603441.9130063}]}, "version": 716, "at": 1755603441.9254935}
{"obj": {"type": "LogFloats", "path": ["monitoring", "c78de979", "gpu_power_2"], "values": [{"value": 98.631, "step": null, "ts": 1755603441.9130063}]}, "version": 717, "at": 1755603441.9256167}
{"obj": {"type": "LogFloats", "path": ["monitoring", "c78de979", "gpu_power_3"], "values": [{"value": 110.482, "step": null, "ts": 1755603441.9130063}]}, "version": 718, "at": 1755603441.9257247}
{"obj": {"type": "LogFloats", "path": ["monitoring", "c78de979", "gpu_power_4"], "values": [{"value": 54.671, "step": null, "ts": 1755603441.9130063}]}, "version": 719, "at": 1755603441.9258685}
{"obj": {"type": "LogFloats", "path": ["monitoring", "c78de979", "gpu_power_5"], "values": [{"value": 17.71, "step": null, "ts": 1755603441.9130063}]}, "version": 720, "at": 1755603441.926118}
{"obj": {"type": "LogStrings", "path": ["monitoring", "c78de979", "stdout"], "values": [{"value": "Index(['cg00000292', 'cg00002426', 'cg00003994', 'cg00005847', 'cg00006414',\n       'cg00007981', 'cg00008493', 'cg00008713', 'cg00009407', 'cg00011459',\n       ...\n       'cg27655855', 'cg27655905', 'cg27657283', 'cg27661264', 'cg27662379',\n       'cg27662877', 'cg27665659', 'file_id', 'DNAm', 'project_id'],\n      dtype='object', length=25981)", "step": null, "ts": 1755603448.353452}]}, "version": 721, "at": 1755603448.3536615}
{"obj": {"type": "LogStrings", "path": ["monitoring", "c78de979", "stdout"], "values": [{"value": "\n", "step": null, "ts": 1755603448.4164977}]}, "version": 722, "at": 1755603448.4165583}
{"obj": {"type": "LogStrings", "path": ["monitoring", "c78de979", "stdout"], "values": [{"value": "Preprocess Omics dataset, project_ids ", "step": null, "ts": 1755603448.4170005}]}, "version": 723, "at": 1755603448.4170377}
{"obj": {"type": "LogStrings", "path": ["monitoring", "c78de979", "stdout"], "values": [{"value": " ", "step": null, "ts": 1755603448.4762394}]}, "version": 724, "at": 1755603448.4762754}
{"obj": {"type": "LogStrings", "path": ["monitoring", "c78de979", "stdout"], "values": [{"value": "['LGG', 'GBM']", "step": null, "ts": 1755603448.4775722}]}, "version": 725, "at": 1755603448.4775898}
{"obj": {"type": "LogStrings", "path": ["monitoring", "c78de979", "stdout"], "values": [{"value": "\n", "step": null, "ts": 1755603448.4844925}]}, "version": 726, "at": 1755603448.4845102}
{"obj": {"type": "LogStrings", "path": ["monitoring", "c78de979", "stdout"], "values": [{"value": "Preprocess Dataset.shape before ", "step": null, "ts": 1755603448.4846487}]}, "version": 727, "at": 1755603448.4846616}
{"obj": {"type": "LogStrings", "path": ["monitoring", "c78de979", "stdout"], "values": [{"value": " ", "step": null, "ts": 1755603448.4849916}]}, "version": 728, "at": 1755603448.485005}
{"obj": {"type": "LogStrings", "path": ["monitoring", "c78de979", "stdout"], "values": [{"value": "(920, 25981)", "step": null, "ts": 1755603448.4850805}]}, "version": 729, "at": 1755603448.4850905}
{"obj": {"type": "LogStrings", "path": ["monitoring", "c78de979", "stdout"], "values": [{"value": "\n", "step": null, "ts": 1755603448.4856756}]}, "version": 730, "at": 1755603448.485689}
{"obj": {"type": "LogStrings", "path": ["monitoring", "c78de979", "stdout"], "values": [{"value": " Preprocess Dataset.shape after ", "step": null, "ts": 1755603448.4857566}]}, "version": 731, "at": 1755603448.4857676}
{"obj": {"type": "LogStrings", "path": ["monitoring", "c78de979", "stdout"], "values": [{"value": " ", "step": null, "ts": 1755603448.5428503}]}, "version": 732, "at": 1755603448.5429254}
{"obj": {"type": "LogStrings", "path": ["monitoring", "c78de979", "stdout"], "values": [{"value": "(920, 25981)", "step": null, "ts": 1755603448.543843}]}, "version": 733, "at": 1755603448.5438688}
{"obj": {"type": "LogStrings", "path": ["monitoring", "c78de979", "stdout"], "values": [{"value": "\n", "step": null, "ts": 1755603448.5440962}]}, "version": 734, "at": 1755603448.5441163}
{"obj": {"type": "LogFloats", "path": ["monitoring", "c78de979", "cpu"], "values": [{"value": 29.8, "step": null, "ts": 1755603451.9263775}]}, "version": 735, "at": 1755603451.9347694}
{"obj": {"type": "LogFloats", "path": ["monitoring", "c78de979", "memory"], "values": [{"value": 326.40670013427734, "step": null, "ts": 1755603451.9263775}]}, "version": 736, "at": 1755603451.9350233}
{"obj": {"type": "LogFloats", "path": ["monitoring", "c78de979", "gpu_1"], "values": [{"value": 10.0, "step": null, "ts": 1755603451.9263775}]}, "version": 737, "at": 1755603451.9350955}
{"obj": {"type": "LogFloats", "path": ["monitoring", "c78de979", "gpu_3"], "values": [{"value": 50.0, "step": null, "ts": 1755603451.9263775}]}, "version": 738, "at": 1755603451.935152}
{"obj": {"type": "LogFloats", "path": ["monitoring", "c78de979", "gpu_memory_0"], "values": [{"value": 4.24603271484375, "step": null, "ts": 1755603451.9263775}]}, "version": 739, "at": 1755603451.935209}
{"obj": {"type": "LogFloats", "path": ["monitoring", "c78de979", "gpu_memory_1"], "values": [{"value": 15.00164794921875, "step": null, "ts": 1755603451.9263775}]}, "version": 740, "at": 1755603451.935259}
{"obj": {"type": "LogFloats", "path": ["monitoring", "c78de979", "gpu_memory_2"], "values": [{"value": 15.32586669921875, "step": null, "ts": 1755603451.9263775}]}, "version": 741, "at": 1755603451.9353075}
{"obj": {"type": "LogFloats", "path": ["monitoring", "c78de979", "gpu_memory_3"], "values": [{"value": 11.92108154296875, "step": null, "ts": 1755603451.9263775}]}, "version": 742, "at": 1755603451.9353583}
{"obj": {"type": "LogFloats", "path": ["monitoring", "c78de979", "gpu_memory_4"], "values": [{"value": 8.55242919921875, "step": null, "ts": 1755603451.9263775}]}, "version": 743, "at": 1755603451.935406}
{"obj": {"type": "LogFloats", "path": ["monitoring", "c78de979", "gpu_memory_5"], "values": [{"value": 33.25946044921875, "step": null, "ts": 1755603451.9263775}]}, "version": 744, "at": 1755603451.9354541}
{"obj": {"type": "LogFloats", "path": ["monitoring", "c78de979", "gpu_power_0"], "values": [{"value": 25.551, "step": null, "ts": 1755603451.9263775}]}, "version": 745, "at": 1755603451.9355044}
{"obj": {"type": "LogFloats", "path": ["monitoring", "c78de979", "gpu_power_1"], "values": [{"value": 159.078, "step": null, "ts": 1755603451.9263775}]}, "version": 746, "at": 1755603451.935551}
{"obj": {"type": "LogFloats", "path": ["monitoring", "c78de979", "gpu_power_2"], "values": [{"value": 98.446, "step": null, "ts": 1755603451.9263775}]}, "version": 747, "at": 1755603451.9355984}
{"obj": {"type": "LogFloats", "path": ["monitoring", "c78de979", "gpu_power_3"], "values": [{"value": 110.416, "step": null, "ts": 1755603451.9263775}]}, "version": 748, "at": 1755603451.9356463}
{"obj": {"type": "LogFloats", "path": ["monitoring", "c78de979", "gpu_power_4"], "values": [{"value": 54.439, "step": null, "ts": 1755603451.9263775}]}, "version": 749, "at": 1755603451.9356933}
{"obj": {"type": "LogFloats", "path": ["monitoring", "c78de979", "gpu_power_5"], "values": [{"value": 17.81, "step": null, "ts": 1755603451.9263775}]}, "version": 750, "at": 1755603451.9357557}
{"obj": {"type": "LogStrings", "path": ["monitoring", "c78de979", "stdout"], "values": [{"value": "Index(['cg00000292', 'cg00002426', 'cg00003994', 'cg00005847', 'cg00006414',\n       'cg00007981', 'cg00008493', 'cg00008713', 'cg00009407', 'cg00011459',\n       ...\n       'cg27655855', 'cg27655905', 'cg27657283', 'cg27661264', 'cg27662379',\n       'cg27662877', 'cg27665659', 'file_id', 'DNAm', 'project_id'],\n      dtype='object', length=25981)", "step": null, "ts": 1755603458.1854815}]}, "version": 751, "at": 1755603458.1855338}
{"obj": {"type": "LogStrings", "path": ["monitoring", "c78de979", "stdout"], "values": [{"value": "\n", "step": null, "ts": 1755603458.2498624}]}, "version": 752, "at": 1755603458.2499118}
{"obj": {"type": "LogStrings", "path": ["monitoring", "c78de979", "stdout"], "values": [{"value": "Preprocess Omics dataset, project_ids ", "step": null, "ts": 1755603458.2500536}]}, "version": 753, "at": 1755603458.250069}
{"obj": {"type": "LogStrings", "path": ["monitoring", "c78de979", "stdout"], "values": [{"value": " ", "step": null, "ts": 1755603458.2515073}]}, "version": 754, "at": 1755603458.251521}
{"obj": {"type": "LogStrings", "path": ["monitoring", "c78de979", "stdout"], "values": [{"value": "['LGG', 'GBM']", "step": null, "ts": 1755603458.2515712}]}, "version": 755, "at": 1755603458.2515812}
{"obj": {"type": "LogStrings", "path": ["monitoring", "c78de979", "stdout"], "values": [{"value": "\n", "step": null, "ts": 1755603458.2516248}]}, "version": 756, "at": 1755603458.2516346}
{"obj": {"type": "LogStrings", "path": ["monitoring", "c78de979", "stdout"], "values": [{"value": "Preprocess Dataset.shape before ", "step": null, "ts": 1755603458.2516754}]}, "version": 757, "at": 1755603458.2516835}
{"obj": {"type": "LogStrings", "path": ["monitoring", "c78de979", "stdout"], "values": [{"value": " ", "step": null, "ts": 1755603458.2517214}]}, "version": 758, "at": 1755603458.2517297}
{"obj": {"type": "LogStrings", "path": ["monitoring", "c78de979", "stdout"], "values": [{"value": "(920, 25981)", "step": null, "ts": 1755603458.2517655}]}, "version": 759, "at": 1755603458.2517745}
{"obj": {"type": "LogStrings", "path": ["monitoring", "c78de979", "stdout"], "values": [{"value": "\n", "step": null, "ts": 1755603458.3117802}]}, "version": 760, "at": 1755603458.3118255}
{"obj": {"type": "LogStrings", "path": ["monitoring", "c78de979", "stdout"], "values": [{"value": " Preprocess Dataset.shape after ", "step": null, "ts": 1755603458.312947}]}, "version": 761, "at": 1755603458.3129659}
{"obj": {"type": "LogStrings", "path": ["monitoring", "c78de979", "stdout"], "values": [{"value": " ", "step": null, "ts": 1755603458.3221507}]}, "version": 762, "at": 1755603458.3221996}
{"obj": {"type": "LogStrings", "path": ["monitoring", "c78de979", "stdout"], "values": [{"value": "(920, 25981)", "step": null, "ts": 1755603458.322327}]}, "version": 763, "at": 1755603458.3223395}
{"obj": {"type": "LogStrings", "path": ["monitoring", "c78de979", "stdout"], "values": [{"value": "\n", "step": null, "ts": 1755603458.3226516}]}, "version": 764, "at": 1755603458.3226628}
{"obj": {"type": "LogFloats", "path": ["monitoring", "c78de979", "cpu"], "values": [{"value": 28.2, "step": null, "ts": 1755603461.9360063}]}, "version": 765, "at": 1755603461.9468362}
{"obj": {"type": "LogFloats", "path": ["monitoring", "c78de979", "memory"], "values": [{"value": 326.7298164367676, "step": null, "ts": 1755603461.9360063}]}, "version": 766, "at": 1755603461.9472334}
{"obj": {"type": "LogFloats", "path": ["monitoring", "c78de979", "gpu_1"], "values": [{"value": 99.0, "step": null, "ts": 1755603461.9360063}]}, "version": 767, "at": 1755603461.9476619}
{"obj": {"type": "LogFloats", "path": ["monitoring", "c78de979", "gpu_3"], "values": [{"value": 44.0, "step": null, "ts": 1755603461.9360063}]}, "version": 768, "at": 1755603461.9479122}
{"obj": {"type": "LogFloats", "path": ["monitoring", "c78de979", "gpu_memory_0"], "values": [{"value": 4.24603271484375, "step": null, "ts": 1755603461.9360063}]}, "version": 769, "at": 1755603461.9481132}
{"obj": {"type": "LogFloats", "path": ["monitoring", "c78de979", "gpu_memory_1"], "values": [{"value": 15.00164794921875, "step": null, "ts": 1755603461.9360063}]}, "version": 770, "at": 1755603461.9484134}
{"obj": {"type": "LogFloats", "path": ["monitoring", "c78de979", "gpu_memory_2"], "values": [{"value": 15.32586669921875, "step": null, "ts": 1755603461.9360063}]}, "version": 771, "at": 1755603461.9487777}
{"obj": {"type": "LogFloats", "path": ["monitoring", "c78de979", "gpu_memory_3"], "values": [{"value": 11.92108154296875, "step": null, "ts": 1755603461.9360063}]}, "version": 772, "at": 1755603461.9491572}
{"obj": {"type": "LogFloats", "path": ["monitoring", "c78de979", "gpu_memory_4"], "values": [{"value": 8.55242919921875, "step": null, "ts": 1755603461.9360063}]}, "version": 773, "at": 1755603461.9492788}
{"obj": {"type": "LogFloats", "path": ["monitoring", "c78de979", "gpu_memory_5"], "values": [{"value": 33.25946044921875, "step": null, "ts": 1755603461.9360063}]}, "version": 774, "at": 1755603461.949512}
{"obj": {"type": "LogFloats", "path": ["monitoring", "c78de979", "gpu_power_0"], "values": [{"value": 25.803, "step": null, "ts": 1755603461.9360063}]}, "version": 775, "at": 1755603461.9497504}
{"obj": {"type": "LogFloats", "path": ["monitoring", "c78de979", "gpu_power_1"], "values": [{"value": 173.465, "step": null, "ts": 1755603461.9360063}]}, "version": 776, "at": 1755603461.9498615}
{"obj": {"type": "LogFloats", "path": ["monitoring", "c78de979", "gpu_power_2"], "values": [{"value": 95.501, "step": null, "ts": 1755603461.9360063}]}, "version": 777, "at": 1755603461.950172}
{"obj": {"type": "LogFloats", "path": ["monitoring", "c78de979", "gpu_power_3"], "values": [{"value": 121.408, "step": null, "ts": 1755603461.9360063}]}, "version": 778, "at": 1755603461.9503677}
{"obj": {"type": "LogFloats", "path": ["monitoring", "c78de979", "gpu_power_4"], "values": [{"value": 54.591, "step": null, "ts": 1755603461.9360063}]}, "version": 779, "at": 1755603461.9506907}
{"obj": {"type": "LogFloats", "path": ["monitoring", "c78de979", "gpu_power_5"], "values": [{"value": 17.766, "step": null, "ts": 1755603461.9360063}]}, "version": 780, "at": 1755603461.9508634}
{"obj": {"type": "LogStrings", "path": ["monitoring", "c78de979", "stdout"], "values": [{"value": "Index(['cg00000292', 'cg00002426', 'cg00003994', 'cg00005847', 'cg00006414',\n       'cg00007981', 'cg00008493', 'cg00008713', 'cg00009407', 'cg00011459',\n       ...\n       'cg27655855', 'cg27655905', 'cg27657283', 'cg27661264', 'cg27662379',\n       'cg27662877', 'cg27665659', 'file_id', 'DNAm', 'project_id'],\n      dtype='object', length=25981)", "step": null, "ts": 1755603467.9649513}]}, "version": 781, "at": 1755603467.965029}
{"obj": {"type": "LogStrings", "path": ["monitoring", "c78de979", "stdout"], "values": [{"value": "\n", "step": null, "ts": 1755603468.0284379}]}, "version": 782, "at": 1755603468.0284882}
{"obj": {"type": "LogStrings", "path": ["monitoring", "c78de979", "stdout"], "values": [{"value": "Preprocess Omics dataset, project_ids ", "step": null, "ts": 1755603468.028645}]}, "version": 783, "at": 1755603468.0286617}
{"obj": {"type": "LogStrings", "path": ["monitoring", "c78de979", "stdout"], "values": [{"value": " ", "step": null, "ts": 1755603468.0300677}]}, "version": 784, "at": 1755603468.030088}
{"obj": {"type": "LogStrings", "path": ["monitoring", "c78de979", "stdout"], "values": [{"value": "['LGG', 'GBM']", "step": null, "ts": 1755603468.0896995}]}, "version": 785, "at": 1755603468.0897396}
{"obj": {"type": "LogStrings", "path": ["monitoring", "c78de979", "stdout"], "values": [{"value": "\n", "step": null, "ts": 1755603468.0966403}]}, "version": 786, "at": 1755603468.096674}
{"obj": {"type": "LogStrings", "path": ["monitoring", "c78de979", "stdout"], "values": [{"value": "Preprocess Dataset.shape before ", "step": null, "ts": 1755603468.0970514}]}, "version": 787, "at": 1755603468.0970707}
{"obj": {"type": "LogStrings", "path": ["monitoring", "c78de979", "stdout"], "values": [{"value": " ", "step": null, "ts": 1755603468.0971916}]}, "version": 788, "at": 1755603468.0972102}
{"obj": {"type": "LogStrings", "path": ["monitoring", "c78de979", "stdout"], "values": [{"value": "(920, 25981)", "step": null, "ts": 1755603468.0973384}]}, "version": 789, "at": 1755603468.0973556}
{"obj": {"type": "LogStrings", "path": ["monitoring", "c78de979", "stdout"], "values": [{"value": "\n", "step": null, "ts": 1755603468.097981}]}, "version": 790, "at": 1755603468.098003}
{"obj": {"type": "LogStrings", "path": ["monitoring", "c78de979", "stdout"], "values": [{"value": " Preprocess Dataset.shape after ", "step": null, "ts": 1755603468.0981245}]}, "version": 791, "at": 1755603468.0981455}
{"obj": {"type": "LogStrings", "path": ["monitoring", "c78de979", "stdout"], "values": [{"value": " ", "step": null, "ts": 1755603468.1538208}]}, "version": 792, "at": 1755603468.1538577}
{"obj": {"type": "LogStrings", "path": ["monitoring", "c78de979", "stdout"], "values": [{"value": "(920, 25981)", "step": null, "ts": 1755603468.154833}]}, "version": 793, "at": 1755603468.15485}
{"obj": {"type": "LogStrings", "path": ["monitoring", "c78de979", "stdout"], "values": [{"value": "\n", "step": null, "ts": 1755603468.15569}]}, "version": 794, "at": 1755603468.1557026}
{"obj": {"type": "LogFloats", "path": ["monitoring", "c78de979", "cpu"], "values": [{"value": 27.9, "step": null, "ts": 1755603471.9511719}]}, "version": 795, "at": 1755603471.9605823}
{"obj": {"type": "LogFloats", "path": ["monitoring", "c78de979", "memory"], "values": [{"value": 326.9897117614746, "step": null, "ts": 1755603471.9511719}]}, "version": 796, "at": 1755603471.9608328}
{"obj": {"type": "LogFloats", "path": ["monitoring", "c78de979", "gpu_1"], "values": [{"value": 23.0, "step": null, "ts": 1755603471.9511719}]}, "version": 797, "at": 1755603471.9610271}
{"obj": {"type": "LogFloats", "path": ["monitoring", "c78de979", "gpu_2"], "values": [{"value": 24.0, "step": null, "ts": 1755603471.9511719}]}, "version": 798, "at": 1755603471.961174}
{"obj": {"type": "LogFloats", "path": ["monitoring", "c78de979", "gpu_3"], "values": [{"value": 44.0, "step": null, "ts": 1755603471.9511719}]}, "version": 799, "at": 1755603471.9613633}
{"obj": {"type": "LogFloats", "path": ["monitoring", "c78de979", "gpu_memory_0"], "values": [{"value": 4.24603271484375, "step": null, "ts": 1755603471.9511719}]}, "version": 800, "at": 1755603471.9614725}
{"obj": {"type": "LogFloats", "path": ["monitoring", "c78de979", "gpu_memory_1"], "values": [{"value": 15.00164794921875, "step": null, "ts": 1755603471.9511719}]}, "version": 801, "at": 1755603471.9615998}
{"obj": {"type": "LogFloats", "path": ["monitoring", "c78de979", "gpu_memory_2"], "values": [{"value": 15.32586669921875, "step": null, "ts": 1755603471.9511719}]}, "version": 802, "at": 1755603471.9617517}
{"obj": {"type": "LogFloats", "path": ["monitoring", "c78de979", "gpu_memory_3"], "values": [{"value": 11.92108154296875, "step": null, "ts": 1755603471.9511719}]}, "version": 803, "at": 1755603471.9618719}
{"obj": {"type": "LogFloats", "path": ["monitoring", "c78de979", "gpu_memory_4"], "values": [{"value": 8.55242919921875, "step": null, "ts": 1755603471.9511719}]}, "version": 804, "at": 1755603471.9620948}
{"obj": {"type": "LogFloats", "path": ["monitoring", "c78de979", "gpu_memory_5"], "values": [{"value": 33.25946044921875, "step": null, "ts": 1755603471.9511719}]}, "version": 805, "at": 1755603471.96226}
{"obj": {"type": "LogFloats", "path": ["monitoring", "c78de979", "gpu_power_0"], "values": [{"value": 25.685, "step": null, "ts": 1755603471.9511719}]}, "version": 806, "at": 1755603471.9623926}
{"obj": {"type": "LogFloats", "path": ["monitoring", "c78de979", "gpu_power_1"], "values": [{"value": 174.007, "step": null, "ts": 1755603471.9511719}]}, "version": 807, "at": 1755603471.962559}
{"obj": {"type": "LogFloats", "path": ["monitoring", "c78de979", "gpu_power_2"], "values": [{"value": 91.711, "step": null, "ts": 1755603471.9511719}]}, "version": 808, "at": 1755603471.9627213}
{"obj": {"type": "LogFloats", "path": ["monitoring", "c78de979", "gpu_power_3"], "values": [{"value": 112.805, "step": null, "ts": 1755603471.9511719}]}, "version": 809, "at": 1755603471.962855}
{"obj": {"type": "LogFloats", "path": ["monitoring", "c78de979", "gpu_power_4"], "values": [{"value": 54.423, "step": null, "ts": 1755603471.9511719}]}, "version": 810, "at": 1755603471.962978}
{"obj": {"type": "LogFloats", "path": ["monitoring", "c78de979", "gpu_power_5"], "values": [{"value": 17.616, "step": null, "ts": 1755603471.9511719}]}, "version": 811, "at": 1755603471.9631095}
{"obj": {"type": "LogStrings", "path": ["monitoring", "c78de979", "stdout"], "values": [{"value": "Index(['cg00000292', 'cg00002426', 'cg00003994', 'cg00005847', 'cg00006414',\n       'cg00007981', 'cg00008493', 'cg00008713', 'cg00009407', 'cg00011459',\n       ...\n       'cg27655855', 'cg27655905', 'cg27657283', 'cg27661264', 'cg27662379',\n       'cg27662877', 'cg27665659', 'file_id', 'DNAm', 'project_id'],\n      dtype='object', length=25981)", "step": null, "ts": 1755603477.8232424}]}, "version": 812, "at": 1755603477.823303}
{"obj": {"type": "LogStrings", "path": ["monitoring", "c78de979", "stdout"], "values": [{"value": "\n", "step": null, "ts": 1755603477.823751}]}, "version": 813, "at": 1755603477.823769}
{"obj": {"type": "LogStrings", "path": ["monitoring", "c78de979", "stdout"], "values": [{"value": "Preprocess Omics dataset, project_ids ", "step": null, "ts": 1755603477.824999}]}, "version": 814, "at": 1755603477.8250155}
{"obj": {"type": "LogStrings", "path": ["monitoring", "c78de979", "stdout"], "values": [{"value": " ", "step": null, "ts": 1755603477.9097667}]}, "version": 815, "at": 1755603477.9098184}
{"obj": {"type": "LogStrings", "path": ["monitoring", "c78de979", "stdout"], "values": [{"value": "['LGG', 'GBM']", "step": null, "ts": 1755603477.9100413}]}, "version": 816, "at": 1755603477.9100628}
{"obj": {"type": "LogStrings", "path": ["monitoring", "c78de979", "stdout"], "values": [{"value": "\n", "step": null, "ts": 1755603477.9104288}]}, "version": 817, "at": 1755603477.910448}
{"obj": {"type": "LogStrings", "path": ["monitoring", "c78de979", "stdout"], "values": [{"value": "Preprocess Dataset.shape before ", "step": null, "ts": 1755603477.9105446}]}, "version": 818, "at": 1755603477.910561}
{"obj": {"type": "LogStrings", "path": ["monitoring", "c78de979", "stdout"], "values": [{"value": " ", "step": null, "ts": 1755603477.9111843}]}, "version": 819, "at": 1755603477.9112022}
{"obj": {"type": "LogStrings", "path": ["monitoring", "c78de979", "stdout"], "values": [{"value": "(920, 25981)", "step": null, "ts": 1755603477.911302}]}, "version": 820, "at": 1755603477.9113176}
{"obj": {"type": "LogStrings", "path": ["monitoring", "c78de979", "stdout"], "values": [{"value": "\n", "step": null, "ts": 1755603477.9659102}]}, "version": 821, "at": 1755603477.9659622}
{"obj": {"type": "LogStrings", "path": ["monitoring", "c78de979", "stdout"], "values": [{"value": " Preprocess Dataset.shape after ", "step": null, "ts": 1755603477.967714}]}, "version": 822, "at": 1755603477.9677327}
{"obj": {"type": "LogStrings", "path": ["monitoring", "c78de979", "stdout"], "values": [{"value": " ", "step": null, "ts": 1755603477.9679115}]}, "version": 823, "at": 1755603477.9679239}
{"obj": {"type": "LogStrings", "path": ["monitoring", "c78de979", "stdout"], "values": [{"value": "(920, 25981)", "step": null, "ts": 1755603477.9680336}]}, "version": 824, "at": 1755603477.968047}
{"obj": {"type": "LogStrings", "path": ["monitoring", "c78de979", "stdout"], "values": [{"value": "\n", "step": null, "ts": 1755603477.968552}]}, "version": 825, "at": 1755603477.968567}
{"obj": {"type": "LogStrings", "path": ["monitoring", "c78de979", "stdout"], "values": [{"value": "wsi", "step": null, "ts": 1755603477.9737654}]}, "version": 826, "at": 1755603477.9737883}
{"obj": {"type": "LogStrings", "path": ["monitoring", "c78de979", "stdout"], "values": [{"value": " ", "step": null, "ts": 1755603477.9739907}]}, "version": 827, "at": 1755603477.974002}
{"obj": {"type": "LogStrings", "path": ["monitoring", "c78de979", "stdout"], "values": [{"value": "None", "step": null, "ts": 1755603477.9746342}]}, "version": 828, "at": 1755603477.9746463}
{"obj": {"type": "LogStrings", "path": ["monitoring", "c78de979", "stdout"], "values": [{"value": "\n", "step": null, "ts": 1755603477.9764047}]}, "version": 829, "at": 1755603477.9764318}
{"obj": {"type": "LogStrings", "path": ["monitoring", "c78de979", "stdout"], "values": [{"value": "UnimodalSurvivalTrainer, initilise data", "step": null, "ts": 1755603477.9765205}]}, "version": 830, "at": 1755603477.9765406}
{"obj": {"type": "LogStrings", "path": ["monitoring", "c78de979", "stdout"], "values": [{"value": "\n", "step": null, "ts": 1755603477.9765928}]}, "version": 831, "at": 1755603477.9766037}
{"obj": {"type": "LogFloats", "path": ["monitoring", "c78de979", "cpu"], "values": [{"value": 27.6, "step": null, "ts": 1755603481.9633923}]}, "version": 832, "at": 1755603481.9707968}
{"obj": {"type": "LogFloats", "path": ["monitoring", "c78de979", "memory"], "values": [{"value": 328.3223648071289, "step": null, "ts": 1755603481.9633923}]}, "version": 833, "at": 1755603481.9710963}
{"obj": {"type": "LogFloats", "path": ["monitoring", "c78de979", "gpu_1"], "values": [{"value": 24.0, "step": null, "ts": 1755603481.9633923}]}, "version": 834, "at": 1755603481.971209}
{"obj": {"type": "LogFloats", "path": ["monitoring", "c78de979", "gpu_2"], "values": [{"value": 28.0, "step": null, "ts": 1755603481.9633923}]}, "version": 835, "at": 1755603481.9712856}
{"obj": {"type": "LogFloats", "path": ["monitoring", "c78de979", "gpu_3"], "values": [{"value": 25.0, "step": null, "ts": 1755603481.9633923}]}, "version": 836, "at": 1755603481.9713569}
{"obj": {"type": "LogFloats", "path": ["monitoring", "c78de979", "gpu_memory_0"], "values": [{"value": 4.24603271484375, "step": null, "ts": 1755603481.9633923}]}, "version": 837, "at": 1755603481.9714248}
{"obj": {"type": "LogFloats", "path": ["monitoring", "c78de979", "gpu_memory_1"], "values": [{"value": 15.00164794921875, "step": null, "ts": 1755603481.9633923}]}, "version": 838, "at": 1755603481.9714925}
{"obj": {"type": "LogFloats", "path": ["monitoring", "c78de979", "gpu_memory_2"], "values": [{"value": 15.32586669921875, "step": null, "ts": 1755603481.9633923}]}, "version": 839, "at": 1755603481.9715598}
{"obj": {"type": "LogFloats", "path": ["monitoring", "c78de979", "gpu_memory_3"], "values": [{"value": 11.92108154296875, "step": null, "ts": 1755603481.9633923}]}, "version": 840, "at": 1755603481.9716284}
{"obj": {"type": "LogFloats", "path": ["monitoring", "c78de979", "gpu_memory_4"], "values": [{"value": 8.55242919921875, "step": null, "ts": 1755603481.9633923}]}, "version": 841, "at": 1755603481.9716957}
{"obj": {"type": "LogFloats", "path": ["monitoring", "c78de979", "gpu_memory_5"], "values": [{"value": 33.25946044921875, "step": null, "ts": 1755603481.9633923}]}, "version": 842, "at": 1755603481.971761}
{"obj": {"type": "LogFloats", "path": ["monitoring", "c78de979", "gpu_power_0"], "values": [{"value": 25.427, "step": null, "ts": 1755603481.9633923}]}, "version": 843, "at": 1755603481.9718275}
{"obj": {"type": "LogFloats", "path": ["monitoring", "c78de979", "gpu_power_1"], "values": [{"value": 152.884, "step": null, "ts": 1755603481.9633923}]}, "version": 844, "at": 1755603481.971893}
{"obj": {"type": "LogFloats", "path": ["monitoring", "c78de979", "gpu_power_2"], "values": [{"value": 91.198, "step": null, "ts": 1755603481.9633923}]}, "version": 845, "at": 1755603481.9719536}
{"obj": {"type": "LogFloats", "path": ["monitoring", "c78de979", "gpu_power_3"], "values": [{"value": 135.726, "step": null, "ts": 1755603481.9633923}]}, "version": 846, "at": 1755603481.9720192}
{"obj": {"type": "LogFloats", "path": ["monitoring", "c78de979", "gpu_power_4"], "values": [{"value": 54.296, "step": null, "ts": 1755603481.9633923}]}, "version": 847, "at": 1755603481.9720802}
{"obj": {"type": "LogFloats", "path": ["monitoring", "c78de979", "gpu_power_5"], "values": [{"value": 17.485, "step": null, "ts": 1755603481.9633923}]}, "version": 848, "at": 1755603481.9721448}
{"obj": {"type": "LogStrings", "path": ["monitoring", "c78de979", "stdout"], "values": [{"value": "MultiMaeForSurvival(\n  (model): MultiMAEModel(\n    (encoders): ModuleDict(\n      (rna): UnimodalEncoder(\n        (encoder): RnaMAEModel(\n          (embeddings): RnaMAEEmbeddings(\n            (patch_embeddings): RnaTMAEPatchEmbeddings(\n              (projection): Conv1d(1, 256, kernel_size=(512,), stride=(512,))\n            )\n          )\n          (encoder): ViTMAEEncoder(\n            (layer): ModuleList(\n              (0-5): 6 x ViTMAELayer(\n                (attention): ViTMAESdpaAttention(\n                  (attention): ViTMAESdpaSelfAttention(\n                    (query): Linear(in_features=256, out_features=256, bias=True)\n                    (key): Linear(in_features=256, out_features=256, bias=True)\n                    (value): Linear(in_features=256, out_features=256, bias=True)\n                    (dropout): Dropout(p=0.0, inplace=False)\n                  )\n                  (output): ViTMAESelfOutput(\n                    (dense): Linear(in_features=256, out_features=256, bias=T", "step": null, "ts": 1755603483.8339906}]}, "version": 849, "at": 1755603483.8340492}
{"obj": {"type": "LogStrings", "path": ["monitoring", "c78de979", "stdout"], "values": [{"value": "\n", "step": null, "ts": 1755603483.8351393}]}, "version": 850, "at": 1755603483.8351617}
{"obj": {"type": "LogStrings", "path": ["monitoring", "c78de979", "stdout"], "values": [{"value": "Train...", "step": null, "ts": 1755603483.8370333}]}, "version": 851, "at": 1755603483.8370638}
{"obj": {"type": "LogStrings", "path": ["monitoring", "c78de979", "stderr"], "values": [{"value": "\r  0%|                                                                                                 | 0/50 [00:00<?, ?it/s]", "step": null, "ts": 1755603483.8373797}]}, "version": 852, "at": 1755603483.8374252}
{"obj": {"type": "LogStrings", "path": ["monitoring", "c78de979", "stdout"], "values": [{"value": "\n", "step": null, "ts": 1755603483.8377435}]}, "version": 853, "at": 1755603483.8377638}
{"obj": {"type": "LogFloats", "path": ["monitoring", "c78de979", "cpu"], "values": [{"value": 45.0, "step": null, "ts": 1755603491.9761877}]}, "version": 854, "at": 1755603491.9947574}
{"obj": {"type": "LogFloats", "path": ["monitoring", "c78de979", "memory"], "values": [{"value": 327.9419708251953, "step": null, "ts": 1755603491.9761877}]}, "version": 855, "at": 1755603491.9949763}
{"obj": {"type": "LogFloats", "path": ["monitoring", "c78de979", "gpu_1"], "values": [{"value": 39.0, "step": null, "ts": 1755603491.9761877}]}, "version": 856, "at": 1755603491.9950447}
{"obj": {"type": "LogFloats", "path": ["monitoring", "c78de979", "gpu_3"], "values": [{"value": 32.0, "step": null, "ts": 1755603491.9761877}]}, "version": 857, "at": 1755603491.9950986}
{"obj": {"type": "LogFloats", "path": ["monitoring", "c78de979", "gpu_memory_0"], "values": [{"value": 5.65789794921875, "step": null, "ts": 1755603491.9761877}]}, "version": 858, "at": 1755603491.9951735}
{"obj": {"type": "LogFloats", "path": ["monitoring", "c78de979", "gpu_memory_1"], "values": [{"value": 15.00164794921875, "step": null, "ts": 1755603491.9761877}]}, "version": 859, "at": 1755603491.9952257}
{"obj": {"type": "LogFloats", "path": ["monitoring", "c78de979", "gpu_memory_2"], "values": [{"value": 15.32586669921875, "step": null, "ts": 1755603491.9761877}]}, "version": 860, "at": 1755603491.995273}
{"obj": {"type": "LogFloats", "path": ["monitoring", "c78de979", "gpu_memory_3"], "values": [{"value": 11.92108154296875, "step": null, "ts": 1755603491.9761877}]}, "version": 861, "at": 1755603491.9953208}
{"obj": {"type": "LogFloats", "path": ["monitoring", "c78de979", "gpu_memory_4"], "values": [{"value": 8.55242919921875, "step": null, "ts": 1755603491.9761877}]}, "version": 862, "at": 1755603491.9953675}
{"obj": {"type": "LogFloats", "path": ["monitoring", "c78de979", "gpu_memory_5"], "values": [{"value": 33.25946044921875, "step": null, "ts": 1755603491.9761877}]}, "version": 863, "at": 1755603491.9954152}
{"obj": {"type": "LogFloats", "path": ["monitoring", "c78de979", "gpu_power_0"], "values": [{"value": 65.44, "step": null, "ts": 1755603491.9761877}]}, "version": 864, "at": 1755603491.9954638}
{"obj": {"type": "LogFloats", "path": ["monitoring", "c78de979", "gpu_power_1"], "values": [{"value": 120.555, "step": null, "ts": 1755603491.9761877}]}, "version": 865, "at": 1755603491.9955115}
{"obj": {"type": "LogFloats", "path": ["monitoring", "c78de979", "gpu_power_2"], "values": [{"value": 81.414, "step": null, "ts": 1755603491.9761877}]}, "version": 866, "at": 1755603491.9955573}
{"obj": {"type": "LogFloats", "path": ["monitoring", "c78de979", "gpu_power_3"], "values": [{"value": 135.099, "step": null, "ts": 1755603491.9761877}]}, "version": 867, "at": 1755603491.9956012}
{"obj": {"type": "LogFloats", "path": ["monitoring", "c78de979", "gpu_power_4"], "values": [{"value": 54.317, "step": null, "ts": 1755603491.9761877}]}, "version": 868, "at": 1755603491.995646}
{"obj": {"type": "LogFloats", "path": ["monitoring", "c78de979", "gpu_power_5"], "values": [{"value": 17.684, "step": null, "ts": 1755603491.9761877}]}, "version": 869, "at": 1755603491.9956894}
{"obj": {"type": "LogFloats", "path": ["monitoring", "c78de979", "cpu"], "values": [{"value": 54.4, "step": null, "ts": 1755603501.9976938}]}, "version": 870, "at": 1755603502.0067816}
{"obj": {"type": "LogFloats", "path": ["monitoring", "c78de979", "memory"], "values": [{"value": 328.0351791381836, "step": null, "ts": 1755603501.9976938}]}, "version": 871, "at": 1755603502.007134}
{"obj": {"type": "LogFloats", "path": ["monitoring", "c78de979", "gpu_0"], "values": [{"value": 7.0, "step": null, "ts": 1755603501.9976938}]}, "version": 872, "at": 1755603502.0072234}
{"obj": {"type": "LogFloats", "path": ["monitoring", "c78de979", "gpu_2"], "values": [{"value": 25.0, "step": null, "ts": 1755603501.9976938}]}, "version": 873, "at": 1755603502.0072906}
{"obj": {"type": "LogFloats", "path": ["monitoring", "c78de979", "gpu_3"], "values": [{"value": 40.0, "step": null, "ts": 1755603501.9976938}]}, "version": 874, "at": 1755603502.0073533}
{"obj": {"type": "LogFloats", "path": ["monitoring", "c78de979", "gpu_memory_0"], "values": [{"value": 5.65789794921875, "step": null, "ts": 1755603501.9976938}]}, "version": 875, "at": 1755603502.0074153}
{"obj": {"type": "LogFloats", "path": ["monitoring", "c78de979", "gpu_memory_1"], "values": [{"value": 15.00164794921875, "step": null, "ts": 1755603501.9976938}]}, "version": 876, "at": 1755603502.0074778}
{"obj": {"type": "LogFloats", "path": ["monitoring", "c78de979", "gpu_memory_2"], "values": [{"value": 15.32586669921875, "step": null, "ts": 1755603501.9976938}]}, "version": 877, "at": 1755603502.0075352}
{"obj": {"type": "LogFloats", "path": ["monitoring", "c78de979", "gpu_memory_3"], "values": [{"value": 11.92108154296875, "step": null, "ts": 1755603501.9976938}]}, "version": 878, "at": 1755603502.007597}
{"obj": {"type": "LogFloats", "path": ["monitoring", "c78de979", "gpu_memory_4"], "values": [{"value": 8.55242919921875, "step": null, "ts": 1755603501.9976938}]}, "version": 879, "at": 1755603502.0076542}
{"obj": {"type": "LogFloats", "path": ["monitoring", "c78de979", "gpu_memory_5"], "values": [{"value": 33.25946044921875, "step": null, "ts": 1755603501.9976938}]}, "version": 880, "at": 1755603502.007711}
{"obj": {"type": "LogFloats", "path": ["monitoring", "c78de979", "gpu_power_0"], "values": [{"value": 65.758, "step": null, "ts": 1755603501.9976938}]}, "version": 881, "at": 1755603502.0077753}
{"obj": {"type": "LogFloats", "path": ["monitoring", "c78de979", "gpu_power_1"], "values": [{"value": 160.607, "step": null, "ts": 1755603501.9976938}]}, "version": 882, "at": 1755603502.0078843}
{"obj": {"type": "LogFloats", "path": ["monitoring", "c78de979", "gpu_power_2"], "values": [{"value": 98.443, "step": null, "ts": 1755603501.9976938}]}, "version": 883, "at": 1755603502.0079584}
{"obj": {"type": "LogFloats", "path": ["monitoring", "c78de979", "gpu_power_3"], "values": [{"value": 126.704, "step": null, "ts": 1755603501.9976938}]}, "version": 884, "at": 1755603502.0081377}
{"obj": {"type": "LogFloats", "path": ["monitoring", "c78de979", "gpu_power_4"], "values": [{"value": 54.539, "step": null, "ts": 1755603501.9976938}]}, "version": 885, "at": 1755603502.0082128}
{"obj": {"type": "LogFloats", "path": ["monitoring", "c78de979", "gpu_power_5"], "values": [{"value": 17.581, "step": null, "ts": 1755603501.9976938}]}, "version": 886, "at": 1755603502.0082755}
{"obj": {"type": "AssignFloat", "path": ["train", "fold_0", "task_loss"], "value": 1.2416556098244407}, "version": 887, "at": 1755603509.5700288}
{"obj": {"type": "AssignInt", "path": ["train", "fold_0", "epoch"], "value": 0}, "version": 888, "at": 1755603509.570358}
{"obj": {"type": "LogStrings", "path": ["monitoring", "c78de979", "stdout"], "values": [{"value": "Val...", "step": null, "ts": 1755603509.572867}]}, "version": 889, "at": 1755603509.5730379}
{"obj": {"type": "LogStrings", "path": ["monitoring", "c78de979", "stdout"], "values": [{"value": "\n", "step": null, "ts": 1755603509.5776973}]}, "version": 890, "at": 1755603509.577723}
{"obj": {"type": "LogFloats", "path": ["monitoring", "c78de979", "cpu"], "values": [{"value": 52.6, "step": null, "ts": 1755603512.0125718}]}, "version": 891, "at": 1755603512.022726}
{"obj": {"type": "LogFloats", "path": ["monitoring", "c78de979", "memory"], "values": [{"value": 327.8976745605469, "step": null, "ts": 1755603512.0125718}]}, "version": 892, "at": 1755603512.0229912}
{"obj": {"type": "LogFloats", "path": ["monitoring", "c78de979", "gpu_0"], "values": [{"value": 2.0, "step": null, "ts": 1755603512.0125718}]}, "version": 893, "at": 1755603512.0230591}
{"obj": {"type": "LogFloats", "path": ["monitoring", "c78de979", "gpu_1"], "values": [{"value": 99.0, "step": null, "ts": 1755603512.0125718}]}, "version": 894, "at": 1755603512.0231125}
{"obj": {"type": "LogFloats", "path": ["monitoring", "c78de979", "gpu_3"], "values": [{"value": 42.0, "step": null, "ts": 1755603512.0125718}]}, "version": 895, "at": 1755603512.0231628}
{"obj": {"type": "LogFloats", "path": ["monitoring", "c78de979", "gpu_memory_0"], "values": [{"value": 5.65789794921875, "step": null, "ts": 1755603512.0125718}]}, "version": 896, "at": 1755603512.0232131}
{"obj": {"type": "LogFloats", "path": ["monitoring", "c78de979", "gpu_memory_1"], "values": [{"value": 15.00164794921875, "step": null, "ts": 1755603512.0125718}]}, "version": 897, "at": 1755603512.0232618}
{"obj": {"type": "LogFloats", "path": ["monitoring", "c78de979", "gpu_memory_2"], "values": [{"value": 15.32586669921875, "step": null, "ts": 1755603512.0125718}]}, "version": 898, "at": 1755603512.023307}
{"obj": {"type": "LogFloats", "path": ["monitoring", "c78de979", "gpu_memory_3"], "values": [{"value": 11.92108154296875, "step": null, "ts": 1755603512.0125718}]}, "version": 899, "at": 1755603512.023353}
{"obj": {"type": "LogFloats", "path": ["monitoring", "c78de979", "gpu_memory_4"], "values": [{"value": 8.55242919921875, "step": null, "ts": 1755603512.0125718}]}, "version": 900, "at": 1755603512.023397}
{"obj": {"type": "LogFloats", "path": ["monitoring", "c78de979", "gpu_memory_5"], "values": [{"value": 33.25946044921875, "step": null, "ts": 1755603512.0125718}]}, "version": 901, "at": 1755603512.02344}
{"obj": {"type": "LogFloats", "path": ["monitoring", "c78de979", "gpu_power_0"], "values": [{"value": 65.435, "step": null, "ts": 1755603512.0125718}]}, "version": 902, "at": 1755603512.023489}
{"obj": {"type": "LogFloats", "path": ["monitoring", "c78de979", "gpu_power_1"], "values": [{"value": 167.342, "step": null, "ts": 1755603512.0125718}]}, "version": 903, "at": 1755603512.023534}
{"obj": {"type": "LogFloats", "path": ["monitoring", "c78de979", "gpu_power_2"], "values": [{"value": 88.756, "step": null, "ts": 1755603512.0125718}]}, "version": 904, "at": 1755603512.0235786}
{"obj": {"type": "LogFloats", "path": ["monitoring", "c78de979", "gpu_power_3"], "values": [{"value": 120.172, "step": null, "ts": 1755603512.0125718}]}, "version": 905, "at": 1755603512.0236337}
{"obj": {"type": "LogFloats", "path": ["monitoring", "c78de979", "gpu_power_4"], "values": [{"value": 54.395, "step": null, "ts": 1755603512.0125718}]}, "version": 906, "at": 1755603512.0236804}
{"obj": {"type": "LogFloats", "path": ["monitoring", "c78de979", "gpu_power_5"], "values": [{"value": 17.659, "step": null, "ts": 1755603512.0125718}]}, "version": 907, "at": 1755603512.023729}
{"obj": {"type": "LogFloats", "path": ["monitoring", "c78de979", "cpu"], "values": [{"value": 38.3, "step": null, "ts": 1755603522.0239058}]}, "version": 908, "at": 1755603522.0366533}
{"obj": {"type": "LogFloats", "path": ["monitoring", "c78de979", "memory"], "values": [{"value": 327.9011917114258, "step": null, "ts": 1755603522.0239058}]}, "version": 909, "at": 1755603522.0369534}
{"obj": {"type": "LogFloats", "path": ["monitoring", "c78de979", "gpu_1"], "values": [{"value": 5.0, "step": null, "ts": 1755603522.0239058}]}, "version": 910, "at": 1755603522.0376458}
{"obj": {"type": "LogFloats", "path": ["monitoring", "c78de979", "gpu_2"], "values": [{"value": 19.0, "step": null, "ts": 1755603522.0239058}]}, "version": 911, "at": 1755603522.0384698}
{"obj": {"type": "LogFloats", "path": ["monitoring", "c78de979", "gpu_3"], "values": [{"value": 44.0, "step": null, "ts": 1755603522.0239058}]}, "version": 912, "at": 1755603522.039129}
{"obj": {"type": "LogFloats", "path": ["monitoring", "c78de979", "gpu_memory_0"], "values": [{"value": 5.65789794921875, "step": null, "ts": 1755603522.0239058}]}, "version": 913, "at": 1755603522.0397873}
{"obj": {"type": "LogFloats", "path": ["monitoring", "c78de979", "gpu_memory_1"], "values": [{"value": 15.00164794921875, "step": null, "ts": 1755603522.0239058}]}, "version": 914, "at": 1755603522.0404158}
{"obj": {"type": "LogFloats", "path": ["monitoring", "c78de979", "gpu_memory_2"], "values": [{"value": 15.32586669921875, "step": null, "ts": 1755603522.0239058}]}, "version": 915, "at": 1755603522.0410166}
{"obj": {"type": "LogFloats", "path": ["monitoring", "c78de979", "gpu_memory_3"], "values": [{"value": 11.92108154296875, "step": null, "ts": 1755603522.0239058}]}, "version": 916, "at": 1755603522.0415971}
{"obj": {"type": "LogFloats", "path": ["monitoring", "c78de979", "gpu_memory_4"], "values": [{"value": 8.55242919921875, "step": null, "ts": 1755603522.0239058}]}, "version": 917, "at": 1755603522.0423205}
{"obj": {"type": "LogFloats", "path": ["monitoring", "c78de979", "gpu_memory_5"], "values": [{"value": 33.25946044921875, "step": null, "ts": 1755603522.0239058}]}, "version": 918, "at": 1755603522.0429094}
{"obj": {"type": "LogFloats", "path": ["monitoring", "c78de979", "gpu_power_0"], "values": [{"value": 62.654, "step": null, "ts": 1755603522.0239058}]}, "version": 919, "at": 1755603522.043494}
{"obj": {"type": "LogFloats", "path": ["monitoring", "c78de979", "gpu_power_1"], "values": [{"value": 179.348, "step": null, "ts": 1755603522.0239058}]}, "version": 920, "at": 1755603522.0441465}
{"obj": {"type": "LogFloats", "path": ["monitoring", "c78de979", "gpu_power_2"], "values": [{"value": 91.46, "step": null, "ts": 1755603522.0239058}]}, "version": 921, "at": 1755603522.0493422}
{"obj": {"type": "LogFloats", "path": ["monitoring", "c78de979", "gpu_power_3"], "values": [{"value": 120.043, "step": null, "ts": 1755603522.0239058}]}, "version": 922, "at": 1755603522.0502172}
{"obj": {"type": "LogFloats", "path": ["monitoring", "c78de979", "gpu_power_4"], "values": [{"value": 54.297, "step": null, "ts": 1755603522.0239058}]}, "version": 923, "at": 1755603522.0502768}
{"obj": {"type": "LogFloats", "path": ["monitoring", "c78de979", "gpu_power_5"], "values": [{"value": 17.664, "step": null, "ts": 1755603522.0239058}]}, "version": 924, "at": 1755603522.05033}
{"obj": {"type": "AssignFloat", "path": ["val", "fold_0", "task_loss"], "value": 1.1491371911900643}, "version": 925, "at": 1755603522.2702587}
{"obj": {"type": "AssignFloat", "path": ["val", "fold_0", "c_index"], "value": 0.5706026239715366}, "version": 926, "at": 1755603522.270442}
{"obj": {"type": "AssignFloat", "path": ["val", "fold_0", "ibs"], "value": 0.16240181575268922}, "version": 927, "at": 1755603522.2705019}
{"obj": {"type": "AssignFloat", "path": ["val", "fold_0", "inbll"], "value": 0.5004129806471564}, "version": 928, "at": 1755603522.2705514}
{"obj": {"type": "AssignFloat", "path": ["val", "fold_0", "cs_score"], "value": 0.7041004041094236}, "version": 929, "at": 1755603522.270602}
{"obj": {"type": "AssignInt", "path": ["val", "fold_0", "epoch"], "value": 0}, "version": 930, "at": 1755603522.2706742}
{"obj": {"type": "LogFloats", "path": ["monitoring", "c78de979", "cpu"], "values": [{"value": 45.1, "step": null, "ts": 1755603532.052429}]}, "version": 931, "at": 1755603532.0601373}
{"obj": {"type": "LogFloats", "path": ["monitoring", "c78de979", "memory"], "values": [{"value": 327.9173278808594, "step": null, "ts": 1755603532.052429}]}, "version": 932, "at": 1755603532.0604093}
{"obj": {"type": "LogFloats", "path": ["monitoring", "c78de979", "gpu_0"], "values": [{"value": 3.0, "step": null, "ts": 1755603532.052429}]}, "version": 933, "at": 1755603532.0604842}
{"obj": {"type": "LogFloats", "path": ["monitoring", "c78de979", "gpu_1"], "values": [{"value": 17.0, "step": null, "ts": 1755603532.052429}]}, "version": 934, "at": 1755603532.0605378}
{"obj": {"type": "LogFloats", "path": ["monitoring", "c78de979", "gpu_3"], "values": [{"value": 41.0, "step": null, "ts": 1755603532.052429}]}, "version": 935, "at": 1755603532.060596}
{"obj": {"type": "LogFloats", "path": ["monitoring", "c78de979", "gpu_memory_0"], "values": [{"value": 5.65789794921875, "step": null, "ts": 1755603532.052429}]}, "version": 936, "at": 1755603532.0606487}
{"obj": {"type": "LogFloats", "path": ["monitoring", "c78de979", "gpu_memory_1"], "values": [{"value": 15.00164794921875, "step": null, "ts": 1755603532.052429}]}, "version": 937, "at": 1755603532.0607016}
{"obj": {"type": "LogFloats", "path": ["monitoring", "c78de979", "gpu_memory_2"], "values": [{"value": 15.32586669921875, "step": null, "ts": 1755603532.052429}]}, "version": 938, "at": 1755603532.0607517}
{"obj": {"type": "LogFloats", "path": ["monitoring", "c78de979", "gpu_memory_3"], "values": [{"value": 11.92108154296875, "step": null, "ts": 1755603532.052429}]}, "version": 939, "at": 1755603532.0607984}
{"obj": {"type": "LogFloats", "path": ["monitoring", "c78de979", "gpu_memory_4"], "values": [{"value": 8.55242919921875, "step": null, "ts": 1755603532.052429}]}, "version": 940, "at": 1755603532.0608451}
{"obj": {"type": "LogFloats", "path": ["monitoring", "c78de979", "gpu_memory_5"], "values": [{"value": 33.25946044921875, "step": null, "ts": 1755603532.052429}]}, "version": 941, "at": 1755603532.0608914}
{"obj": {"type": "LogFloats", "path": ["monitoring", "c78de979", "gpu_power_0"], "values": [{"value": 65.214, "step": null, "ts": 1755603532.052429}]}, "version": 942, "at": 1755603532.060941}
{"obj": {"type": "LogFloats", "path": ["monitoring", "c78de979", "gpu_power_1"], "values": [{"value": 161.914, "step": null, "ts": 1755603532.052429}]}, "version": 943, "at": 1755603532.0609875}
{"obj": {"type": "LogFloats", "path": ["monitoring", "c78de979", "gpu_power_2"], "values": [{"value": 98.408, "step": null, "ts": 1755603532.052429}]}, "version": 944, "at": 1755603532.0610325}
{"obj": {"type": "LogFloats", "path": ["monitoring", "c78de979", "gpu_power_3"], "values": [{"value": 135.467, "step": null, "ts": 1755603532.052429}]}, "version": 945, "at": 1755603532.0610802}
{"obj": {"type": "LogFloats", "path": ["monitoring", "c78de979", "gpu_power_4"], "values": [{"value": 54.015, "step": null, "ts": 1755603532.052429}]}, "version": 946, "at": 1755603532.0611262}
{"obj": {"type": "LogFloats", "path": ["monitoring", "c78de979", "gpu_power_5"], "values": [{"value": 17.599, "step": null, "ts": 1755603532.052429}]}, "version": 947, "at": 1755603532.0611732}
{"obj": {"type": "AssignFloat", "path": ["test", "fold_0", "task_loss"], "value": 1.1698407259854404}, "version": 948, "at": 1755603532.2679121}
{"obj": {"type": "AssignFloat", "path": ["test", "fold_0", "c_index"], "value": 0.5934699103713188}, "version": 949, "at": 1755603532.2680774}
{"obj": {"type": "AssignFloat", "path": ["test", "fold_0", "ibs"], "value": 0.17885123937568598}, "version": 950, "at": 1755603532.268142}
{"obj": {"type": "AssignFloat", "path": ["test", "fold_0", "inbll"], "value": 0.5304947517771105}, "version": 951, "at": 1755603532.2681975}
{"obj": {"type": "AssignFloat", "path": ["test", "fold_0", "cs_score"], "value": 0.7073093354978164}, "version": 952, "at": 1755603532.2682443}
{"obj": {"type": "AssignInt", "path": ["test", "fold_0", "epoch"], "value": 0}, "version": 953, "at": 1755603532.2683153}
{"obj": {"type": "LogStrings", "path": ["monitoring", "c78de979", "stdout"], "values": [{"value": "Train...", "step": null, "ts": 1755603532.3627346}]}, "version": 954, "at": 1755603532.362801}
{"obj": {"type": "LogStrings", "path": ["monitoring", "c78de979", "stderr"], "values": [{"value": "\r  2%|\u2588\u258a                                                                                       | 1/50 [00:48<39:37, 48.52s/it]", "step": null, "ts": 1755603532.3635495}]}, "version": 955, "at": 1755603532.3636289}
{"obj": {"type": "LogStrings", "path": ["monitoring", "c78de979", "stdout"], "values": [{"value": "\n", "step": null, "ts": 1755603532.365624}]}, "version": 956, "at": 1755603532.3656487}
{"obj": {"type": "LogFloats", "path": ["monitoring", "c78de979", "cpu"], "values": [{"value": 48.5, "step": null, "ts": 1755603542.0613627}]}, "version": 957, "at": 1755603542.0823622}
{"obj": {"type": "LogFloats", "path": ["monitoring", "c78de979", "memory"], "values": [{"value": 328.02745056152344, "step": null, "ts": 1755603542.0613627}]}, "version": 958, "at": 1755603542.0826595}
{"obj": {"type": "LogFloats", "path": ["monitoring", "c78de979", "gpu_1"], "values": [{"value": 96.0, "step": null, "ts": 1755603542.0613627}]}, "version": 959, "at": 1755603542.0827487}
{"obj": {"type": "LogFloats", "path": ["monitoring", "c78de979", "gpu_2"], "values": [{"value": 23.0, "step": null, "ts": 1755603542.0613627}]}, "version": 960, "at": 1755603542.0828173}
{"obj": {"type": "LogFloats", "path": ["monitoring", "c78de979", "gpu_3"], "values": [{"value": 39.0, "step": null, "ts": 1755603542.0613627}]}, "version": 961, "at": 1755603542.0828798}
{"obj": {"type": "LogFloats", "path": ["monitoring", "c78de979", "gpu_memory_0"], "values": [{"value": 5.65789794921875, "step": null, "ts": 1755603542.0613627}]}, "version": 962, "at": 1755603542.082944}
{"obj": {"type": "LogFloats", "path": ["monitoring", "c78de979", "gpu_memory_1"], "values": [{"value": 15.00164794921875, "step": null, "ts": 1755603542.0613627}]}, "version": 963, "at": 1755603542.0830061}
{"obj": {"type": "LogFloats", "path": ["monitoring", "c78de979", "gpu_memory_2"], "values": [{"value": 15.32586669921875, "step": null, "ts": 1755603542.0613627}]}, "version": 964, "at": 1755603542.0830662}
{"obj": {"type": "LogFloats", "path": ["monitoring", "c78de979", "gpu_memory_3"], "values": [{"value": 11.92108154296875, "step": null, "ts": 1755603542.0613627}]}, "version": 965, "at": 1755603542.0831258}
{"obj": {"type": "LogFloats", "path": ["monitoring", "c78de979", "gpu_memory_4"], "values": [{"value": 8.55242919921875, "step": null, "ts": 1755603542.0613627}]}, "version": 966, "at": 1755603542.0831854}
{"obj": {"type": "LogFloats", "path": ["monitoring", "c78de979", "gpu_memory_5"], "values": [{"value": 33.25946044921875, "step": null, "ts": 1755603542.0613627}]}, "version": 967, "at": 1755603542.0832405}
{"obj": {"type": "LogFloats", "path": ["monitoring", "c78de979", "gpu_power_0"], "values": [{"value": 66.402, "step": null, "ts": 1755603542.0613627}]}, "version": 968, "at": 1755603542.0833054}
{"obj": {"type": "LogFloats", "path": ["monitoring", "c78de979", "gpu_power_1"], "values": [{"value": 162.461, "step": null, "ts": 1755603542.0613627}]}, "version": 969, "at": 1755603542.083366}
{"obj": {"type": "LogFloats", "path": ["monitoring", "c78de979", "gpu_power_2"], "values": [{"value": 94.691, "step": null, "ts": 1755603542.0613627}]}, "version": 970, "at": 1755603542.0834258}
{"obj": {"type": "LogFloats", "path": ["monitoring", "c78de979", "gpu_power_3"], "values": [{"value": 123.926, "step": null, "ts": 1755603542.0613627}]}, "version": 971, "at": 1755603542.0834842}
{"obj": {"type": "LogFloats", "path": ["monitoring", "c78de979", "gpu_power_4"], "values": [{"value": 54.293, "step": null, "ts": 1755603542.0613627}]}, "version": 972, "at": 1755603542.0835428}
{"obj": {"type": "LogFloats", "path": ["monitoring", "c78de979", "gpu_power_5"], "values": [{"value": 17.323, "step": null, "ts": 1755603542.0613627}]}, "version": 973, "at": 1755603542.083601}
{"obj": {"type": "LogFloats", "path": ["monitoring", "c78de979", "cpu"], "values": [{"value": 47.9, "step": null, "ts": 1755603552.0837982}]}, "version": 974, "at": 1755603552.0970254}
{"obj": {"type": "LogFloats", "path": ["monitoring", "c78de979", "memory"], "values": [{"value": 328.03533935546875, "step": null, "ts": 1755603552.0837982}]}, "version": 975, "at": 1755603552.0972736}
{"obj": {"type": "LogFloats", "path": ["monitoring", "c78de979", "gpu_1"], "values": [{"value": 2.0, "step": null, "ts": 1755603552.0837982}]}, "version": 976, "at": 1755603552.097346}
{"obj": {"type": "LogFloats", "path": ["monitoring", "c78de979", "gpu_3"], "values": [{"value": 44.0, "step": null, "ts": 1755603552.0837982}]}, "version": 977, "at": 1755603552.097402}
{"obj": {"type": "LogFloats", "path": ["monitoring", "c78de979", "gpu_memory_0"], "values": [{"value": 5.65789794921875, "step": null, "ts": 1755603552.0837982}]}, "version": 978, "at": 1755603552.0974624}
{"obj": {"type": "LogFloats", "path": ["monitoring", "c78de979", "gpu_memory_1"], "values": [{"value": 15.00164794921875, "step": null, "ts": 1755603552.0837982}]}, "version": 979, "at": 1755603552.099467}
{"obj": {"type": "LogFloats", "path": ["monitoring", "c78de979", "gpu_memory_2"], "values": [{"value": 15.32586669921875, "step": null, "ts": 1755603552.0837982}]}, "version": 980, "at": 1755603552.099874}
{"obj": {"type": "LogFloats", "path": ["monitoring", "c78de979", "gpu_memory_3"], "values": [{"value": 11.92108154296875, "step": null, "ts": 1755603552.0837982}]}, "version": 981, "at": 1755603552.0999453}
{"obj": {"type": "LogFloats", "path": ["monitoring", "c78de979", "gpu_memory_4"], "values": [{"value": 8.55242919921875, "step": null, "ts": 1755603552.0837982}]}, "version": 982, "at": 1755603552.1000035}
{"obj": {"type": "LogFloats", "path": ["monitoring", "c78de979", "gpu_memory_5"], "values": [{"value": 33.25946044921875, "step": null, "ts": 1755603552.0837982}]}, "version": 983, "at": 1755603552.1000636}
{"obj": {"type": "LogFloats", "path": ["monitoring", "c78de979", "gpu_power_0"], "values": [{"value": 63.303, "step": null, "ts": 1755603552.0837982}]}, "version": 984, "at": 1755603552.1001449}
{"obj": {"type": "LogFloats", "path": ["monitoring", "c78de979", "gpu_power_1"], "values": [{"value": 155.376, "step": null, "ts": 1755603552.0837982}]}, "version": 985, "at": 1755603552.1002183}
{"obj": {"type": "LogFloats", "path": ["monitoring", "c78de979", "gpu_power_2"], "values": [{"value": 98.643, "step": null, "ts": 1755603552.0837982}]}, "version": 986, "at": 1755603552.100286}
{"obj": {"type": "LogFloats", "path": ["monitoring", "c78de979", "gpu_power_3"], "values": [{"value": 112.358, "step": null, "ts": 1755603552.0837982}]}, "version": 987, "at": 1755603552.1003582}
{"obj": {"type": "LogFloats", "path": ["monitoring", "c78de979", "gpu_power_4"], "values": [{"value": 54.415, "step": null, "ts": 1755603552.0837982}]}, "version": 988, "at": 1755603552.100484}
{"obj": {"type": "LogFloats", "path": ["monitoring", "c78de979", "gpu_power_5"], "values": [{"value": 17.633, "step": null, "ts": 1755603552.0837982}]}, "version": 989, "at": 1755603552.1005821}
{"obj": {"type": "LogFloats", "path": ["monitoring", "c78de979", "cpu"], "values": [{"value": 49.3, "step": null, "ts": 1755603562.1008708}]}, "version": 990, "at": 1755603562.13477}
{"obj": {"type": "LogFloats", "path": ["monitoring", "c78de979", "memory"], "values": [{"value": 328.0486526489258, "step": null, "ts": 1755603562.1008708}]}, "version": 991, "at": 1755603562.1412203}
{"obj": {"type": "LogFloats", "path": ["monitoring", "c78de979", "gpu_0"], "values": [{"value": 7.0, "step": null, "ts": 1755603562.1008708}]}, "version": 992, "at": 1755603562.1431537}
{"obj": {"type": "LogFloats", "path": ["monitoring", "c78de979", "gpu_1"], "values": [{"value": 15.0, "step": null, "ts": 1755603562.1008708}]}, "version": 993, "at": 1755603562.1432333}
{"obj": {"type": "LogFloats", "path": ["monitoring", "c78de979", "gpu_2"], "values": [{"value": 24.0, "step": null, "ts": 1755603562.1008708}]}, "version": 994, "at": 1755603562.1432953}
{"obj": {"type": "LogFloats", "path": ["monitoring", "c78de979", "gpu_3"], "values": [{"value": 42.0, "step": null, "ts": 1755603562.1008708}]}, "version": 995, "at": 1755603562.1433523}
{"obj": {"type": "LogFloats", "path": ["monitoring", "c78de979", "gpu_memory_0"], "values": [{"value": 5.65789794921875, "step": null, "ts": 1755603562.1008708}]}, "version": 996, "at": 1755603562.1434114}
{"obj": {"type": "LogFloats", "path": ["monitoring", "c78de979", "gpu_memory_1"], "values": [{"value": 15.00164794921875, "step": null, "ts": 1755603562.1008708}]}, "version": 997, "at": 1755603562.1434693}
{"obj": {"type": "LogFloats", "path": ["monitoring", "c78de979", "gpu_memory_2"], "values": [{"value": 15.32586669921875, "step": null, "ts": 1755603562.1008708}]}, "version": 998, "at": 1755603562.1435263}
{"obj": {"type": "LogFloats", "path": ["monitoring", "c78de979", "gpu_memory_3"], "values": [{"value": 11.92108154296875, "step": null, "ts": 1755603562.1008708}]}, "version": 999, "at": 1755603562.1435826}
{"obj": {"type": "LogFloats", "path": ["monitoring", "c78de979", "gpu_memory_4"], "values": [{"value": 8.55242919921875, "step": null, "ts": 1755603562.1008708}]}, "version": 1000, "at": 1755603562.1436353}
{"obj": {"type": "LogFloats", "path": ["monitoring", "c78de979", "gpu_memory_5"], "values": [{"value": 33.25946044921875, "step": null, "ts": 1755603562.1008708}]}, "version": 1001, "at": 1755603562.1437168}
{"obj": {"type": "LogFloats", "path": ["monitoring", "c78de979", "gpu_power_0"], "values": [{"value": 64.478, "step": null, "ts": 1755603562.1008708}]}, "version": 1002, "at": 1755603562.1437805}
{"obj": {"type": "LogFloats", "path": ["monitoring", "c78de979", "gpu_power_1"], "values": [{"value": 168.173, "step": null, "ts": 1755603562.1008708}]}, "version": 1003, "at": 1755603562.1438363}
{"obj": {"type": "LogFloats", "path": ["monitoring", "c78de979", "gpu_power_2"], "values": [{"value": 97.627, "step": null, "ts": 1755603562.1008708}]}, "version": 1004, "at": 1755603562.1438904}
{"obj": {"type": "LogFloats", "path": ["monitoring", "c78de979", "gpu_power_3"], "values": [{"value": 102.997, "step": null, "ts": 1755603562.1008708}]}, "version": 1005, "at": 1755603562.1439445}
{"obj": {"type": "LogFloats", "path": ["monitoring", "c78de979", "gpu_power_4"], "values": [{"value": 54.802, "step": null, "ts": 1755603562.1008708}]}, "version": 1006, "at": 1755603562.1439993}
{"obj": {"type": "LogFloats", "path": ["monitoring", "c78de979", "gpu_power_5"], "values": [{"value": 17.383, "step": null, "ts": 1755603562.1008708}]}, "version": 1007, "at": 1755603562.1440527}
{"obj": {"type": "AssignFloat", "path": ["train", "fold_0", "task_loss"], "value": 1.1189355850219727}, "version": 1008, "at": 1755603563.2330127}
{"obj": {"type": "AssignInt", "path": ["train", "fold_0", "epoch"], "value": 1}, "version": 1009, "at": 1755603563.2332282}
{"obj": {"type": "LogStrings", "path": ["monitoring", "c78de979", "stdout"], "values": [{"value": "Val...", "step": null, "ts": 1755603563.2373128}]}, "version": 1010, "at": 1755603563.23743}
{"obj": {"type": "LogStrings", "path": ["monitoring", "c78de979", "stdout"], "values": [{"value": "\n", "step": null, "ts": 1755603563.2377784}]}, "version": 1011, "at": 1755603563.2378259}
{"obj": {"type": "AssignFloat", "path": ["val", "fold_0", "task_loss"], "value": 1.149295253608063}, "version": 1012, "at": 1755603571.604438}
{"obj": {"type": "AssignFloat", "path": ["val", "fold_0", "c_index"], "value": 0.580386924616411}, "version": 1013, "at": 1755603571.6046655}
{"obj": {"type": "AssignFloat", "path": ["val", "fold_0", "ibs"], "value": 0.15791284092794017}, "version": 1014, "at": 1755603571.604716}
{"obj": {"type": "AssignFloat", "path": ["val", "fold_0", "inbll"], "value": 0.4886096703424111}, "version": 1015, "at": 1755603571.604755}
{"obj": {"type": "AssignFloat", "path": ["val", "fold_0", "cs_score"], "value": 0.7112370418442353}, "version": 1016, "at": 1755603571.604793}
{"obj": {"type": "AssignInt", "path": ["val", "fold_0", "epoch"], "value": 1}, "version": 1017, "at": 1755603571.6048484}
{"obj": {"type": "LogFloats", "path": ["monitoring", "c78de979", "cpu"], "values": [{"value": 45.8, "step": null, "ts": 1755603572.1449902}]}, "version": 1018, "at": 1755603572.1680636}
{"obj": {"type": "LogFloats", "path": ["monitoring", "c78de979", "memory"], "values": [{"value": 328.0793991088867, "step": null, "ts": 1755603572.1449902}]}, "version": 1019, "at": 1755603572.1682477}
{"obj": {"type": "LogFloats", "path": ["monitoring", "c78de979", "gpu_0"], "values": [{"value": 2.0, "step": null, "ts": 1755603572.1449902}]}, "version": 1020, "at": 1755603572.1683228}
{"obj": {"type": "LogFloats", "path": ["monitoring", "c78de979", "gpu_1"], "values": [{"value": 14.0, "step": null, "ts": 1755603572.1449902}]}, "version": 1021, "at": 1755603572.1683838}
{"obj": {"type": "LogFloats", "path": ["monitoring", "c78de979", "gpu_3"], "values": [{"value": 40.0, "step": null, "ts": 1755603572.1449902}]}, "version": 1022, "at": 1755603572.1684403}
{"obj": {"type": "LogFloats", "path": ["monitoring", "c78de979", "gpu_memory_0"], "values": [{"value": 5.65789794921875, "step": null, "ts": 1755603572.1449902}]}, "version": 1023, "at": 1755603572.1684966}
{"obj": {"type": "LogFloats", "path": ["monitoring", "c78de979", "gpu_memory_1"], "values": [{"value": 15.00164794921875, "step": null, "ts": 1755603572.1449902}]}, "version": 1024, "at": 1755603572.168552}
{"obj": {"type": "LogFloats", "path": ["monitoring", "c78de979", "gpu_memory_2"], "values": [{"value": 15.32586669921875, "step": null, "ts": 1755603572.1449902}]}, "version": 1025, "at": 1755603572.1686063}
{"obj": {"type": "LogFloats", "path": ["monitoring", "c78de979", "gpu_memory_3"], "values": [{"value": 11.92108154296875, "step": null, "ts": 1755603572.1449902}]}, "version": 1026, "at": 1755603572.1686609}
{"obj": {"type": "LogFloats", "path": ["monitoring", "c78de979", "gpu_memory_4"], "values": [{"value": 8.55242919921875, "step": null, "ts": 1755603572.1449902}]}, "version": 1027, "at": 1755603572.1687114}
{"obj": {"type": "LogFloats", "path": ["monitoring", "c78de979", "gpu_memory_5"], "values": [{"value": 33.25946044921875, "step": null, "ts": 1755603572.1449902}]}, "version": 1028, "at": 1755603572.16876}
{"obj": {"type": "LogFloats", "path": ["monitoring", "c78de979", "gpu_power_0"], "values": [{"value": 64.654, "step": null, "ts": 1755603572.1449902}]}, "version": 1029, "at": 1755603572.168815}
{"obj": {"type": "LogFloats", "path": ["monitoring", "c78de979", "gpu_power_1"], "values": [{"value": 169.777, "step": null, "ts": 1755603572.1449902}]}, "version": 1030, "at": 1755603572.168864}
{"obj": {"type": "LogFloats", "path": ["monitoring", "c78de979", "gpu_power_2"], "values": [{"value": 83.618, "step": null, "ts": 1755603572.1449902}]}, "version": 1031, "at": 1755603572.1689126}
{"obj": {"type": "LogFloats", "path": ["monitoring", "c78de979", "gpu_power_3"], "values": [{"value": 106.143, "step": null, "ts": 1755603572.1449902}]}, "version": 1032, "at": 1755603572.1689634}
{"obj": {"type": "LogFloats", "path": ["monitoring", "c78de979", "gpu_power_4"], "values": [{"value": 54.446, "step": null, "ts": 1755603572.1449902}]}, "version": 1033, "at": 1755603572.1690123}
{"obj": {"type": "LogFloats", "path": ["monitoring", "c78de979", "gpu_power_5"], "values": [{"value": 17.23, "step": null, "ts": 1755603572.1449902}]}, "version": 1034, "at": 1755603572.1690624}
{"obj": {"type": "AssignFloat", "path": ["test", "fold_0", "task_loss"], "value": 1.2267806313254617}, "version": 1035, "at": 1755603579.7240355}
{"obj": {"type": "AssignFloat", "path": ["test", "fold_0", "c_index"], "value": 0.6081946222791293}, "version": 1036, "at": 1755603579.724268}
{"obj": {"type": "AssignFloat", "path": ["test", "fold_0", "ibs"], "value": 0.18863269219217954}, "version": 1037, "at": 1755603579.7243285}
{"obj": {"type": "AssignFloat", "path": ["test", "fold_0", "inbll"], "value": 0.5697806413696701}, "version": 1038, "at": 1755603579.7243664}
{"obj": {"type": "AssignFloat", "path": ["test", "fold_0", "cs_score"], "value": 0.709780965043475}, "version": 1039, "at": 1755603579.7243993}
{"obj": {"type": "AssignInt", "path": ["test", "fold_0", "epoch"], "value": 1}, "version": 1040, "at": 1755603579.724454}
{"obj": {"type": "LogStrings", "path": ["monitoring", "c78de979", "stdout"], "values": [{"value": "Train...", "step": null, "ts": 1755603580.100689}]}, "version": 1041, "at": 1755603580.1008039}
{"obj": {"type": "LogStrings", "path": ["monitoring", "c78de979", "stderr"], "values": [{"value": "\r  4%|\u2588\u2588\u2588\u258c                                                                                     | 2/50 [01:36<38:26, 48.06s/it]", "step": null, "ts": 1755603580.101232}]}, "version": 1042, "at": 1755603580.1013165}
{"obj": {"type": "LogStrings", "path": ["monitoring", "c78de979", "stdout"], "values": [{"value": "\n", "step": null, "ts": 1755603580.103682}]}, "version": 1043, "at": 1755603580.103717}
{"obj": {"type": "LogFloats", "path": ["monitoring", "c78de979", "cpu"], "values": [{"value": 47.7, "step": null, "ts": 1755603582.1692464}]}, "version": 1044, "at": 1755603582.1785297}
{"obj": {"type": "LogFloats", "path": ["monitoring", "c78de979", "memory"], "values": [{"value": 328.0878448486328, "step": null, "ts": 1755603582.1692464}]}, "version": 1045, "at": 1755603582.178696}
{"obj": {"type": "LogFloats", "path": ["monitoring", "c78de979", "gpu_1"], "values": [{"value": 47.0, "step": null, "ts": 1755603582.1692464}]}, "version": 1046, "at": 1755603582.1787627}
{"obj": {"type": "LogFloats", "path": ["monitoring", "c78de979", "gpu_memory_0"], "values": [{"value": 5.65789794921875, "step": null, "ts": 1755603582.1692464}]}, "version": 1047, "at": 1755603582.1788175}
{"obj": {"type": "LogFloats", "path": ["monitoring", "c78de979", "gpu_memory_1"], "values": [{"value": 15.00164794921875, "step": null, "ts": 1755603582.1692464}]}, "version": 1048, "at": 1755603582.178868}
{"obj": {"type": "LogFloats", "path": ["monitoring", "c78de979", "gpu_memory_2"], "values": [{"value": 15.32586669921875, "step": null, "ts": 1755603582.1692464}]}, "version": 1049, "at": 1755603582.1789167}
{"obj": {"type": "LogFloats", "path": ["monitoring", "c78de979", "gpu_memory_3"], "values": [{"value": 11.92108154296875, "step": null, "ts": 1755603582.1692464}]}, "version": 1050, "at": 1755603582.1789637}
{"obj": {"type": "LogFloats", "path": ["monitoring", "c78de979", "gpu_memory_4"], "values": [{"value": 8.55242919921875, "step": null, "ts": 1755603582.1692464}]}, "version": 1051, "at": 1755603582.1790113}
{"obj": {"type": "LogFloats", "path": ["monitoring", "c78de979", "gpu_memory_5"], "values": [{"value": 33.25946044921875, "step": null, "ts": 1755603582.1692464}]}, "version": 1052, "at": 1755603582.1790571}
{"obj": {"type": "LogFloats", "path": ["monitoring", "c78de979", "gpu_power_0"], "values": [{"value": 64.041, "step": null, "ts": 1755603582.1692464}]}, "version": 1053, "at": 1755603582.179108}
{"obj": {"type": "LogFloats", "path": ["monitoring", "c78de979", "gpu_power_1"], "values": [{"value": 148.616, "step": null, "ts": 1755603582.1692464}]}, "version": 1054, "at": 1755603582.179155}
{"obj": {"type": "LogFloats", "path": ["monitoring", "c78de979", "gpu_power_2"], "values": [{"value": 98.464, "step": null, "ts": 1755603582.1692464}]}, "version": 1055, "at": 1755603582.1792045}
{"obj": {"type": "LogFloats", "path": ["monitoring", "c78de979", "gpu_power_3"], "values": [{"value": 99.41, "step": null, "ts": 1755603582.1692464}]}, "version": 1056, "at": 1755603582.1792507}
{"obj": {"type": "LogFloats", "path": ["monitoring", "c78de979", "gpu_power_4"], "values": [{"value": 54.382, "step": null, "ts": 1755603582.1692464}]}, "version": 1057, "at": 1755603582.1792953}
{"obj": {"type": "LogFloats", "path": ["monitoring", "c78de979", "gpu_power_5"], "values": [{"value": 17.324, "step": null, "ts": 1755603582.1692464}]}, "version": 1058, "at": 1755603582.1793532}
{"obj": {"type": "LogFloats", "path": ["monitoring", "c78de979", "cpu"], "values": [{"value": 49.0, "step": null, "ts": 1755603592.180488}]}, "version": 1059, "at": 1755603592.1884668}
{"obj": {"type": "LogFloats", "path": ["monitoring", "c78de979", "memory"], "values": [{"value": 325.477108001709, "step": null, "ts": 1755603592.180488}]}, "version": 1060, "at": 1755603592.18878}
{"obj": {"type": "LogFloats", "path": ["monitoring", "c78de979", "gpu_1"], "values": [{"value": 8.0, "step": null, "ts": 1755603592.180488}]}, "version": 1061, "at": 1755603592.18888}
{"obj": {"type": "LogFloats", "path": ["monitoring", "c78de979", "gpu_2"], "values": [{"value": 29.0, "step": null, "ts": 1755603592.180488}]}, "version": 1062, "at": 1755603592.1889534}
{"obj": {"type": "LogFloats", "path": ["monitoring", "c78de979", "gpu_memory_0"], "values": [{"value": 5.65789794921875, "step": null, "ts": 1755603592.180488}]}, "version": 1063, "at": 1755603592.189023}
{"obj": {"type": "LogFloats", "path": ["monitoring", "c78de979", "gpu_memory_1"], "values": [{"value": 15.00164794921875, "step": null, "ts": 1755603592.180488}]}, "version": 1064, "at": 1755603592.1890895}
{"obj": {"type": "LogFloats", "path": ["monitoring", "c78de979", "gpu_memory_2"], "values": [{"value": 15.32586669921875, "step": null, "ts": 1755603592.180488}]}, "version": 1065, "at": 1755603592.189154}
{"obj": {"type": "LogFloats", "path": ["monitoring", "c78de979", "gpu_memory_3"], "values": [{"value": 11.92108154296875, "step": null, "ts": 1755603592.180488}]}, "version": 1066, "at": 1755603592.189217}
{"obj": {"type": "LogFloats", "path": ["monitoring", "c78de979", "gpu_memory_4"], "values": [{"value": 8.55242919921875, "step": null, "ts": 1755603592.180488}]}, "version": 1067, "at": 1755603592.1892745}
{"obj": {"type": "LogFloats", "path": ["monitoring", "c78de979", "gpu_memory_5"], "values": [{"value": 33.25946044921875, "step": null, "ts": 1755603592.180488}]}, "version": 1068, "at": 1755603592.189336}
{"obj": {"type": "LogFloats", "path": ["monitoring", "c78de979", "gpu_power_0"], "values": [{"value": 64.125, "step": null, "ts": 1755603592.180488}]}, "version": 1069, "at": 1755603592.1893997}
{"obj": {"type": "LogFloats", "path": ["monitoring", "c78de979", "gpu_power_1"], "values": [{"value": 153.222, "step": null, "ts": 1755603592.180488}]}, "version": 1070, "at": 1755603592.1894605}
{"obj": {"type": "LogFloats", "path": ["monitoring", "c78de979", "gpu_power_2"], "values": [{"value": 86.76, "step": null, "ts": 1755603592.180488}]}, "version": 1071, "at": 1755603592.1895173}
{"obj": {"type": "LogFloats", "path": ["monitoring", "c78de979", "gpu_power_3"], "values": [{"value": 115.113, "step": null, "ts": 1755603592.180488}]}, "version": 1072, "at": 1755603592.1895752}
{"obj": {"type": "LogFloats", "path": ["monitoring", "c78de979", "gpu_power_4"], "values": [{"value": 54.443, "step": null, "ts": 1755603592.180488}]}, "version": 1073, "at": 1755603592.189634}
{"obj": {"type": "LogFloats", "path": ["monitoring", "c78de979", "gpu_power_5"], "values": [{"value": 17.319, "step": null, "ts": 1755603592.180488}]}, "version": 1074, "at": 1755603592.1897547}
{"obj": {"type": "LogFloats", "path": ["monitoring", "c78de979", "cpu"], "values": [{"value": 49.0, "step": null, "ts": 1755603602.1928835}]}, "version": 1075, "at": 1755603602.2126238}
{"obj": {"type": "LogFloats", "path": ["monitoring", "c78de979", "memory"], "values": [{"value": 326.54848861694336, "step": null, "ts": 1755603602.1928835}]}, "version": 1076, "at": 1755603602.2128773}
{"obj": {"type": "LogFloats", "path": ["monitoring", "c78de979", "gpu_1"], "values": [{"value": 39.0, "step": null, "ts": 1755603602.1928835}]}, "version": 1077, "at": 1755603602.2129517}
{"obj": {"type": "LogFloats", "path": ["monitoring", "c78de979", "gpu_memory_0"], "values": [{"value": 5.65789794921875, "step": null, "ts": 1755603602.1928835}]}, "version": 1078, "at": 1755603602.2130067}
{"obj": {"type": "LogFloats", "path": ["monitoring", "c78de979", "gpu_memory_1"], "values": [{"value": 15.00164794921875, "step": null, "ts": 1755603602.1928835}]}, "version": 1079, "at": 1755603602.2130609}
{"obj": {"type": "LogFloats", "path": ["monitoring", "c78de979", "gpu_memory_2"], "values": [{"value": 15.32586669921875, "step": null, "ts": 1755603602.1928835}]}, "version": 1080, "at": 1755603602.213114}
{"obj": {"type": "LogFloats", "path": ["monitoring", "c78de979", "gpu_memory_3"], "values": [{"value": 11.92108154296875, "step": null, "ts": 1755603602.1928835}]}, "version": 1081, "at": 1755603602.213166}
{"obj": {"type": "LogFloats", "path": ["monitoring", "c78de979", "gpu_memory_4"], "values": [{"value": 8.55242919921875, "step": null, "ts": 1755603602.1928835}]}, "version": 1082, "at": 1755603602.2132156}
{"obj": {"type": "LogFloats", "path": ["monitoring", "c78de979", "gpu_memory_5"], "values": [{"value": 33.25946044921875, "step": null, "ts": 1755603602.1928835}]}, "version": 1083, "at": 1755603602.2132635}
{"obj": {"type": "LogFloats", "path": ["monitoring", "c78de979", "gpu_power_0"], "values": [{"value": 64.731, "step": null, "ts": 1755603602.1928835}]}, "version": 1084, "at": 1755603602.2133195}
{"obj": {"type": "LogFloats", "path": ["monitoring", "c78de979", "gpu_power_1"], "values": [{"value": 145.203, "step": null, "ts": 1755603602.1928835}]}, "version": 1085, "at": 1755603602.2133698}
{"obj": {"type": "LogFloats", "path": ["monitoring", "c78de979", "gpu_power_2"], "values": [{"value": 88.735, "step": null, "ts": 1755603602.1928835}]}, "version": 1086, "at": 1755603602.2134173}
{"obj": {"type": "LogFloats", "path": ["monitoring", "c78de979", "gpu_power_3"], "values": [{"value": 102.922, "step": null, "ts": 1755603602.1928835}]}, "version": 1087, "at": 1755603602.2134683}
{"obj": {"type": "LogFloats", "path": ["monitoring", "c78de979", "gpu_power_4"], "values": [{"value": 54.568, "step": null, "ts": 1755603602.1928835}]}, "version": 1088, "at": 1755603602.21352}
{"obj": {"type": "LogFloats", "path": ["monitoring", "c78de979", "gpu_power_5"], "values": [{"value": 17.275, "step": null, "ts": 1755603602.1928835}]}, "version": 1089, "at": 1755603602.2135684}
{"obj": {"type": "AssignFloat", "path": ["train", "fold_0", "task_loss"], "value": 1.0893410769375889}, "version": 1090, "at": 1755603610.5582476}
{"obj": {"type": "AssignInt", "path": ["train", "fold_0", "epoch"], "value": 2}, "version": 1091, "at": 1755603610.558511}
{"obj": {"type": "LogStrings", "path": ["monitoring", "c78de979", "stdout"], "values": [{"value": "Val...", "step": null, "ts": 1755603610.5589347}]}, "version": 1092, "at": 1755603610.5590029}
{"obj": {"type": "LogStrings", "path": ["monitoring", "c78de979", "stdout"], "values": [{"value": "\n", "step": null, "ts": 1755603610.5607564}]}, "version": 1093, "at": 1755603610.5607722}
{"obj": {"type": "LogFloats", "path": ["monitoring", "c78de979", "cpu"], "values": [{"value": 56.5, "step": null, "ts": 1755603612.2137613}]}, "version": 1094, "at": 1755603612.2232606}
{"obj": {"type": "LogFloats", "path": ["monitoring", "c78de979", "memory"], "values": [{"value": 326.86939239501953, "step": null, "ts": 1755603612.2137613}]}, "version": 1095, "at": 1755603612.2234638}
{"obj": {"type": "LogFloats", "path": ["monitoring", "c78de979", "gpu_0"], "values": [{"value": 2.0, "step": null, "ts": 1755603612.2137613}]}, "version": 1096, "at": 1755603612.2235503}
{"obj": {"type": "LogFloats", "path": ["monitoring", "c78de979", "gpu_1"], "values": [{"value": 32.0, "step": null, "ts": 1755603612.2137613}]}, "version": 1097, "at": 1755603612.2236114}
{"obj": {"type": "LogFloats", "path": ["monitoring", "c78de979", "gpu_2"], "values": [{"value": 12.0, "step": null, "ts": 1755603612.2137613}]}, "version": 1098, "at": 1755603612.2236664}
{"obj": {"type": "LogFloats", "path": ["monitoring", "c78de979", "gpu_memory_0"], "values": [{"value": 5.65789794921875, "step": null, "ts": 1755603612.2137613}]}, "version": 1099, "at": 1755603612.223722}
{"obj": {"type": "LogFloats", "path": ["monitoring", "c78de979", "gpu_memory_1"], "values": [{"value": 15.00164794921875, "step": null, "ts": 1755603612.2137613}]}, "version": 1100, "at": 1755603612.223806}
{"obj": {"type": "LogFloats", "path": ["monitoring", "c78de979", "gpu_memory_2"], "values": [{"value": 15.32586669921875, "step": null, "ts": 1755603612.2137613}]}, "version": 1101, "at": 1755603612.2292442}
{"obj": {"type": "LogFloats", "path": ["monitoring", "c78de979", "gpu_memory_3"], "values": [{"value": 11.92108154296875, "step": null, "ts": 1755603612.2137613}]}, "version": 1102, "at": 1755603612.2293787}
{"obj": {"type": "LogFloats", "path": ["monitoring", "c78de979", "gpu_memory_4"], "values": [{"value": 8.55242919921875, "step": null, "ts": 1755603612.2137613}]}, "version": 1103, "at": 1755603612.2294505}
{"obj": {"type": "LogFloats", "path": ["monitoring", "c78de979", "gpu_memory_5"], "values": [{"value": 33.25946044921875, "step": null, "ts": 1755603612.2137613}]}, "version": 1104, "at": 1755603612.2295156}
{"obj": {"type": "LogFloats", "path": ["monitoring", "c78de979", "gpu_power_0"], "values": [{"value": 64.013, "step": null, "ts": 1755603612.2137613}]}, "version": 1105, "at": 1755603612.2295818}
{"obj": {"type": "LogFloats", "path": ["monitoring", "c78de979", "gpu_power_1"], "values": [{"value": 138.384, "step": null, "ts": 1755603612.2137613}]}, "version": 1106, "at": 1755603612.2296493}
{"obj": {"type": "LogFloats", "path": ["monitoring", "c78de979", "gpu_power_2"], "values": [{"value": 98.969, "step": null, "ts": 1755603612.2137613}]}, "version": 1107, "at": 1755603612.2297103}
{"obj": {"type": "LogFloats", "path": ["monitoring", "c78de979", "gpu_power_3"], "values": [{"value": 115.851, "step": null, "ts": 1755603612.2137613}]}, "version": 1108, "at": 1755603612.2297719}
{"obj": {"type": "LogFloats", "path": ["monitoring", "c78de979", "gpu_power_4"], "values": [{"value": 54.529, "step": null, "ts": 1755603612.2137613}]}, "version": 1109, "at": 1755603612.2298422}
{"obj": {"type": "LogFloats", "path": ["monitoring", "c78de979", "gpu_power_5"], "values": [{"value": 17.362, "step": null, "ts": 1755603612.2137613}]}, "version": 1110, "at": 1755603612.2299087}
{"obj": {"type": "AssignFloat", "path": ["val", "fold_0", "task_loss"], "value": 1.1437369776136093}, "version": 1111, "at": 1755603620.2969823}
{"obj": {"type": "AssignFloat", "path": ["val", "fold_0", "c_index"], "value": 0.6052924171670002}, "version": 1112, "at": 1755603620.297228}
{"obj": {"type": "AssignFloat", "path": ["val", "fold_0", "ibs"], "value": 0.17106207345605043}, "version": 1113, "at": 1755603620.2972775}
{"obj": {"type": "AssignFloat", "path": ["val", "fold_0", "inbll"], "value": 0.5459822263658654}, "version": 1114, "at": 1755603620.2973154}
{"obj": {"type": "AssignFloat", "path": ["val", "fold_0", "cs_score"], "value": 0.7171151718554749}, "version": 1115, "at": 1755603620.297354}
{"obj": {"type": "AssignInt", "path": ["val", "fold_0", "epoch"], "value": 2}, "version": 1116, "at": 1755603620.2974117}
{"obj": {"type": "LogFloats", "path": ["monitoring", "c78de979", "cpu"], "values": [{"value": 54.5, "step": null, "ts": 1755603622.230105}]}, "version": 1117, "at": 1755603622.2379735}
{"obj": {"type": "LogFloats", "path": ["monitoring", "c78de979", "memory"], "values": [{"value": 327.29890060424805, "step": null, "ts": 1755603622.230105}]}, "version": 1118, "at": 1755603622.2386491}
{"obj": {"type": "LogFloats", "path": ["monitoring", "c78de979", "gpu_0"], "values": [{"value": 3.0, "step": null, "ts": 1755603622.230105}]}, "version": 1119, "at": 1755603622.2387495}
{"obj": {"type": "LogFloats", "path": ["monitoring", "c78de979", "gpu_1"], "values": [{"value": 7.0, "step": null, "ts": 1755603622.230105}]}, "version": 1120, "at": 1755603622.2388227}
{"obj": {"type": "LogFloats", "path": ["monitoring", "c78de979", "gpu_2"], "values": [{"value": 23.0, "step": null, "ts": 1755603622.230105}]}, "version": 1121, "at": 1755603622.238895}
{"obj": {"type": "LogFloats", "path": ["monitoring", "c78de979", "gpu_3"], "values": [{"value": 11.0, "step": null, "ts": 1755603622.230105}]}, "version": 1122, "at": 1755603622.238955}
{"obj": {"type": "LogFloats", "path": ["monitoring", "c78de979", "gpu_memory_0"], "values": [{"value": 5.65789794921875, "step": null, "ts": 1755603622.230105}]}, "version": 1123, "at": 1755603622.2390206}
{"obj": {"type": "LogFloats", "path": ["monitoring", "c78de979", "gpu_memory_1"], "values": [{"value": 15.00164794921875, "step": null, "ts": 1755603622.230105}]}, "version": 1124, "at": 1755603622.2390847}
{"obj": {"type": "LogFloats", "path": ["monitoring", "c78de979", "gpu_memory_2"], "values": [{"value": 15.32586669921875, "step": null, "ts": 1755603622.230105}]}, "version": 1125, "at": 1755603622.2391489}
{"obj": {"type": "LogFloats", "path": ["monitoring", "c78de979", "gpu_memory_3"], "values": [{"value": 11.92108154296875, "step": null, "ts": 1755603622.230105}]}, "version": 1126, "at": 1755603622.2392123}
{"obj": {"type": "LogFloats", "path": ["monitoring", "c78de979", "gpu_memory_4"], "values": [{"value": 8.55242919921875, "step": null, "ts": 1755603622.230105}]}, "version": 1127, "at": 1755603622.2392676}
{"obj": {"type": "LogFloats", "path": ["monitoring", "c78de979", "gpu_memory_5"], "values": [{"value": 33.25946044921875, "step": null, "ts": 1755603622.230105}]}, "version": 1128, "at": 1755603622.2393212}
{"obj": {"type": "LogFloats", "path": ["monitoring", "c78de979", "gpu_power_0"], "values": [{"value": 64.122, "step": null, "ts": 1755603622.230105}]}, "version": 1129, "at": 1755603622.2393832}
{"obj": {"type": "LogFloats", "path": ["monitoring", "c78de979", "gpu_power_1"], "values": [{"value": 157.567, "step": null, "ts": 1755603622.230105}]}, "version": 1130, "at": 1755603622.2394483}
{"obj": {"type": "LogFloats", "path": ["monitoring", "c78de979", "gpu_power_2"], "values": [{"value": 88.506, "step": null, "ts": 1755603622.230105}]}, "version": 1131, "at": 1755603622.239511}
{"obj": {"type": "LogFloats", "path": ["monitoring", "c78de979", "gpu_power_3"], "values": [{"value": 133.906, "step": null, "ts": 1755603622.230105}]}, "version": 1132, "at": 1755603622.2395725}
{"obj": {"type": "LogFloats", "path": ["monitoring", "c78de979", "gpu_power_4"], "values": [{"value": 53.994, "step": null, "ts": 1755603622.230105}]}, "version": 1133, "at": 1755603622.2396297}
{"obj": {"type": "LogFloats", "path": ["monitoring", "c78de979", "gpu_power_5"], "values": [{"value": 17.299, "step": null, "ts": 1755603622.230105}]}, "version": 1134, "at": 1755603622.2396905}
{"obj": {"type": "AssignFloat", "path": ["test", "fold_0", "task_loss"], "value": 1.134740078088009}, "version": 1135, "at": 1755603629.573687}
{"obj": {"type": "AssignFloat", "path": ["test", "fold_0", "c_index"], "value": 0.6352966282543747}, "version": 1136, "at": 1755603629.5739298}
{"obj": {"type": "AssignFloat", "path": ["test", "fold_0", "ibs"], "value": 0.16835246753927233}, "version": 1137, "at": 1755603629.5739782}
{"obj": {"type": "AssignFloat", "path": ["test", "fold_0", "inbll"], "value": 0.4954027197517641}, "version": 1138, "at": 1755603629.574016}
{"obj": {"type": "AssignFloat", "path": ["test", "fold_0", "cs_score"], "value": 0.7334720803575512}, "version": 1139, "at": 1755603629.5740514}
{"obj": {"type": "AssignInt", "path": ["test", "fold_0", "epoch"], "value": 2}, "version": 1140, "at": 1755603629.5741062}
{"obj": {"type": "LogStrings", "path": ["monitoring", "c78de979", "stderr"], "values": [{"value": "\r  6%|\u2588\u2588\u2588\u2588\u2588\u258e                                                                                   | 3/50 [02:25<38:14, 48.82s/it]", "step": null, "ts": 1755603629.8191683}]}, "version": 1141, "at": 1755603629.8192542}
{"obj": {"type": "LogStrings", "path": ["monitoring", "c78de979", "stdout"], "values": [{"value": "Train...", "step": null, "ts": 1755603629.8218045}]}, "version": 1142, "at": 1755603629.8218672}
{"obj": {"type": "LogStrings", "path": ["monitoring", "c78de979", "stdout"], "values": [{"value": "\n", "step": null, "ts": 1755603629.8223667}]}, "version": 1143, "at": 1755603629.8223944}
{"obj": {"type": "LogFloats", "path": ["monitoring", "c78de979", "cpu"], "values": [{"value": 56.4, "step": null, "ts": 1755603632.2402341}]}, "version": 1144, "at": 1755603632.257821}
{"obj": {"type": "LogFloats", "path": ["monitoring", "c78de979", "memory"], "values": [{"value": 327.2987518310547, "step": null, "ts": 1755603632.2402341}]}, "version": 1145, "at": 1755603632.2581077}
{"obj": {"type": "LogFloats", "path": ["monitoring", "c78de979", "gpu_2"], "values": [{"value": 9.0, "step": null, "ts": 1755603632.2402341}]}, "version": 1146, "at": 1755603632.25821}
{"obj": {"type": "LogFloats", "path": ["monitoring", "c78de979", "gpu_3"], "values": [{"value": 42.0, "step": null, "ts": 1755603632.2402341}]}, "version": 1147, "at": 1755603632.2582805}
{"obj": {"type": "LogFloats", "path": ["monitoring", "c78de979", "gpu_memory_0"], "values": [{"value": 5.65789794921875, "step": null, "ts": 1755603632.2402341}]}, "version": 1148, "at": 1755603632.2583442}
{"obj": {"type": "LogFloats", "path": ["monitoring", "c78de979", "gpu_memory_1"], "values": [{"value": 15.00164794921875, "step": null, "ts": 1755603632.2402341}]}, "version": 1149, "at": 1755603632.2584014}
{"obj": {"type": "LogFloats", "path": ["monitoring", "c78de979", "gpu_memory_2"], "values": [{"value": 15.32586669921875, "step": null, "ts": 1755603632.2402341}]}, "version": 1150, "at": 1755603632.2584577}
{"obj": {"type": "LogFloats", "path": ["monitoring", "c78de979", "gpu_memory_3"], "values": [{"value": 11.92108154296875, "step": null, "ts": 1755603632.2402341}]}, "version": 1151, "at": 1755603632.2585156}
{"obj": {"type": "LogFloats", "path": ["monitoring", "c78de979", "gpu_memory_4"], "values": [{"value": 8.55242919921875, "step": null, "ts": 1755603632.2402341}]}, "version": 1152, "at": 1755603632.258569}
{"obj": {"type": "LogFloats", "path": ["monitoring", "c78de979", "gpu_memory_5"], "values": [{"value": 33.25946044921875, "step": null, "ts": 1755603632.2402341}]}, "version": 1153, "at": 1755603632.2586248}
{"obj": {"type": "LogFloats", "path": ["monitoring", "c78de979", "gpu_power_0"], "values": [{"value": 63.369, "step": null, "ts": 1755603632.2402341}]}, "version": 1154, "at": 1755603632.258685}
{"obj": {"type": "LogFloats", "path": ["monitoring", "c78de979", "gpu_power_1"], "values": [{"value": 139.573, "step": null, "ts": 1755603632.2402341}]}, "version": 1155, "at": 1755603632.258742}
{"obj": {"type": "LogFloats", "path": ["monitoring", "c78de979", "gpu_power_2"], "values": [{"value": 98.902, "step": null, "ts": 1755603632.2402341}]}, "version": 1156, "at": 1755603632.2587972}
{"obj": {"type": "LogFloats", "path": ["monitoring", "c78de979", "gpu_power_3"], "values": [{"value": 118.964, "step": null, "ts": 1755603632.2402341}]}, "version": 1157, "at": 1755603632.2588522}
{"obj": {"type": "LogFloats", "path": ["monitoring", "c78de979", "gpu_power_4"], "values": [{"value": 54.449, "step": null, "ts": 1755603632.2402341}]}, "version": 1158, "at": 1755603632.2589083}
{"obj": {"type": "LogFloats", "path": ["monitoring", "c78de979", "gpu_power_5"], "values": [{"value": 17.541, "step": null, "ts": 1755603632.2402341}]}, "version": 1159, "at": 1755603632.2589626}
{"obj": {"type": "LogFloats", "path": ["monitoring", "c78de979", "cpu"], "values": [{"value": 56.2, "step": null, "ts": 1755603642.2591596}]}, "version": 1160, "at": 1755603642.2843213}
{"obj": {"type": "LogFloats", "path": ["monitoring", "c78de979", "memory"], "values": [{"value": 327.3152732849121, "step": null, "ts": 1755603642.2591596}]}, "version": 1161, "at": 1755603642.2846153}
{"obj": {"type": "LogFloats", "path": ["monitoring", "c78de979", "gpu_3"], "values": [{"value": 19.0, "step": null, "ts": 1755603642.2591596}]}, "version": 1162, "at": 1755603642.2847028}
{"obj": {"type": "LogFloats", "path": ["monitoring", "c78de979", "gpu_memory_0"], "values": [{"value": 5.65789794921875, "step": null, "ts": 1755603642.2591596}]}, "version": 1163, "at": 1755603642.2848048}
{"obj": {"type": "LogFloats", "path": ["monitoring", "c78de979", "gpu_memory_1"], "values": [{"value": 15.00164794921875, "step": null, "ts": 1755603642.2591596}]}, "version": 1164, "at": 1755603642.2848709}
{"obj": {"type": "LogFloats", "path": ["monitoring", "c78de979", "gpu_memory_2"], "values": [{"value": 15.32586669921875, "step": null, "ts": 1755603642.2591596}]}, "version": 1165, "at": 1755603642.2849314}
{"obj": {"type": "LogFloats", "path": ["monitoring", "c78de979", "gpu_memory_3"], "values": [{"value": 11.92108154296875, "step": null, "ts": 1755603642.2591596}]}, "version": 1166, "at": 1755603642.2849905}
{"obj": {"type": "LogFloats", "path": ["monitoring", "c78de979", "gpu_memory_4"], "values": [{"value": 8.55242919921875, "step": null, "ts": 1755603642.2591596}]}, "version": 1167, "at": 1755603642.2850475}
{"obj": {"type": "LogFloats", "path": ["monitoring", "c78de979", "gpu_memory_5"], "values": [{"value": 33.25946044921875, "step": null, "ts": 1755603642.2591596}]}, "version": 1168, "at": 1755603642.2851043}
{"obj": {"type": "LogFloats", "path": ["monitoring", "c78de979", "gpu_power_0"], "values": [{"value": 63.632, "step": null, "ts": 1755603642.2591596}]}, "version": 1169, "at": 1755603642.2851703}
{"obj": {"type": "LogFloats", "path": ["monitoring", "c78de979", "gpu_power_1"], "values": [{"value": 150.698, "step": null, "ts": 1755603642.2591596}]}, "version": 1170, "at": 1755603642.2852309}
{"obj": {"type": "LogFloats", "path": ["monitoring", "c78de979", "gpu_power_2"], "values": [{"value": 98.714, "step": null, "ts": 1755603642.2591596}]}, "version": 1171, "at": 1755603642.2852888}
{"obj": {"type": "LogFloats", "path": ["monitoring", "c78de979", "gpu_power_3"], "values": [{"value": 104.068, "step": null, "ts": 1755603642.2591596}]}, "version": 1172, "at": 1755603642.285347}
{"obj": {"type": "LogFloats", "path": ["monitoring", "c78de979", "gpu_power_4"], "values": [{"value": 54.3, "step": null, "ts": 1755603642.2591596}]}, "version": 1173, "at": 1755603642.2854059}
{"obj": {"type": "LogFloats", "path": ["monitoring", "c78de979", "gpu_power_5"], "values": [{"value": 17.7, "step": null, "ts": 1755603642.2591596}]}, "version": 1174, "at": 1755603642.2854638}
{"obj": {"type": "LogFloats", "path": ["monitoring", "c78de979", "cpu"], "values": [{"value": 53.5, "step": null, "ts": 1755603652.285825}]}, "version": 1175, "at": 1755603652.3026636}
{"obj": {"type": "LogFloats", "path": ["monitoring", "c78de979", "memory"], "values": [{"value": 327.3776664733887, "step": null, "ts": 1755603652.285825}]}, "version": 1176, "at": 1755603652.3029325}
{"obj": {"type": "LogFloats", "path": ["monitoring", "c78de979", "gpu_0"], "values": [{"value": 7.0, "step": null, "ts": 1755603652.285825}]}, "version": 1177, "at": 1755603652.3030043}
{"obj": {"type": "LogFloats", "path": ["monitoring", "c78de979", "gpu_1"], "values": [{"value": 40.0, "step": null, "ts": 1755603652.285825}]}, "version": 1178, "at": 1755603652.3030603}
{"obj": {"type": "LogFloats", "path": ["monitoring", "c78de979", "gpu_2"], "values": [{"value": 27.0, "step": null, "ts": 1755603652.285825}]}, "version": 1179, "at": 1755603652.30311}
{"obj": {"type": "LogFloats", "path": ["monitoring", "c78de979", "gpu_3"], "values": [{"value": 49.0, "step": null, "ts": 1755603652.285825}]}, "version": 1180, "at": 1755603652.3031564}
{"obj": {"type": "LogFloats", "path": ["monitoring", "c78de979", "gpu_memory_0"], "values": [{"value": 5.65789794921875, "step": null, "ts": 1755603652.285825}]}, "version": 1181, "at": 1755603652.303209}
{"obj": {"type": "LogFloats", "path": ["monitoring", "c78de979", "gpu_memory_1"], "values": [{"value": 15.00164794921875, "step": null, "ts": 1755603652.285825}]}, "version": 1182, "at": 1755603652.3032596}
{"obj": {"type": "LogFloats", "path": ["monitoring", "c78de979", "gpu_memory_2"], "values": [{"value": 15.32586669921875, "step": null, "ts": 1755603652.285825}]}, "version": 1183, "at": 1755603652.303308}
{"obj": {"type": "LogFloats", "path": ["monitoring", "c78de979", "gpu_memory_3"], "values": [{"value": 11.92108154296875, "step": null, "ts": 1755603652.285825}]}, "version": 1184, "at": 1755603652.3033552}
{"obj": {"type": "LogFloats", "path": ["monitoring", "c78de979", "gpu_memory_4"], "values": [{"value": 8.55242919921875, "step": null, "ts": 1755603652.285825}]}, "version": 1185, "at": 1755603652.3033984}
{"obj": {"type": "LogFloats", "path": ["monitoring", "c78de979", "gpu_memory_5"], "values": [{"value": 33.25946044921875, "step": null, "ts": 1755603652.285825}]}, "version": 1186, "at": 1755603652.3034425}
{"obj": {"type": "LogFloats", "path": ["monitoring", "c78de979", "gpu_power_0"], "values": [{"value": 64.567, "step": null, "ts": 1755603652.285825}]}, "version": 1187, "at": 1755603652.303492}
{"obj": {"type": "LogFloats", "path": ["monitoring", "c78de979", "gpu_power_1"], "values": [{"value": 158.079, "step": null, "ts": 1755603652.285825}]}, "version": 1188, "at": 1755603652.30354}
{"obj": {"type": "LogFloats", "path": ["monitoring", "c78de979", "gpu_power_2"], "values": [{"value": 88.725, "step": null, "ts": 1755603652.285825}]}, "version": 1189, "at": 1755603652.3035865}
{"obj": {"type": "LogFloats", "path": ["monitoring", "c78de979", "gpu_power_3"], "values": [{"value": 108.72, "step": null, "ts": 1755603652.285825}]}, "version": 1190, "at": 1755603652.3036313}
{"obj": {"type": "LogFloats", "path": ["monitoring", "c78de979", "gpu_power_4"], "values": [{"value": 54.574, "step": null, "ts": 1755603652.285825}]}, "version": 1191, "at": 1755603652.303679}
{"obj": {"type": "LogFloats", "path": ["monitoring", "c78de979", "gpu_power_5"], "values": [{"value": 17.752, "step": null, "ts": 1755603652.285825}]}, "version": 1192, "at": 1755603652.3037236}
{"obj": {"type": "AssignFloat", "path": ["train", "fold_0", "task_loss"], "value": 1.113882671702992}, "version": 1193, "at": 1755603660.1430874}
{"obj": {"type": "AssignInt", "path": ["train", "fold_0", "epoch"], "value": 3}, "version": 1194, "at": 1755603660.1496382}
{"obj": {"type": "LogStrings", "path": ["monitoring", "c78de979", "stdout"], "values": [{"value": "Val...", "step": null, "ts": 1755603660.1528788}]}, "version": 1195, "at": 1755603660.1530626}
{"obj": {"type": "LogStrings", "path": ["monitoring", "c78de979", "stdout"], "values": [{"value": "\n", "step": null, "ts": 1755603660.1559806}]}, "version": 1196, "at": 1755603660.1560078}
{"obj": {"type": "LogFloats", "path": ["monitoring", "c78de979", "cpu"], "values": [{"value": 48.8, "step": null, "ts": 1755603662.308961}]}, "version": 1197, "at": 1755603662.3272722}
{"obj": {"type": "LogFloats", "path": ["monitoring", "c78de979", "memory"], "values": [{"value": 327.3009147644043, "step": null, "ts": 1755603662.308961}]}, "version": 1198, "at": 1755603662.327514}
{"obj": {"type": "LogFloats", "path": ["monitoring", "c78de979", "gpu_0"], "values": [{"value": 2.0, "step": null, "ts": 1755603662.308961}]}, "version": 1199, "at": 1755603662.327584}
{"obj": {"type": "LogFloats", "path": ["monitoring", "c78de979", "gpu_1"], "values": [{"value": 38.0, "step": null, "ts": 1755603662.308961}]}, "version": 1200, "at": 1755603662.3276403}
{"obj": {"type": "LogFloats", "path": ["monitoring", "c78de979", "gpu_3"], "values": [{"value": 51.0, "step": null, "ts": 1755603662.308961}]}, "version": 1201, "at": 1755603662.327691}
{"obj": {"type": "LogFloats", "path": ["monitoring", "c78de979", "gpu_memory_0"], "values": [{"value": 5.65789794921875, "step": null, "ts": 1755603662.308961}]}, "version": 1202, "at": 1755603662.3277469}
{"obj": {"type": "LogFloats", "path": ["monitoring", "c78de979", "gpu_memory_1"], "values": [{"value": 15.00164794921875, "step": null, "ts": 1755603662.308961}]}, "version": 1203, "at": 1755603662.327796}
{"obj": {"type": "LogFloats", "path": ["monitoring", "c78de979", "gpu_memory_2"], "values": [{"value": 15.32586669921875, "step": null, "ts": 1755603662.308961}]}, "version": 1204, "at": 1755603662.3278434}
{"obj": {"type": "LogFloats", "path": ["monitoring", "c78de979", "gpu_memory_3"], "values": [{"value": 11.92108154296875, "step": null, "ts": 1755603662.308961}]}, "version": 1205, "at": 1755603662.3278887}
{"obj": {"type": "LogFloats", "path": ["monitoring", "c78de979", "gpu_memory_4"], "values": [{"value": 8.55242919921875, "step": null, "ts": 1755603662.308961}]}, "version": 1206, "at": 1755603662.3279352}
{"obj": {"type": "LogFloats", "path": ["monitoring", "c78de979", "gpu_memory_5"], "values": [{"value": 33.25946044921875, "step": null, "ts": 1755603662.308961}]}, "version": 1207, "at": 1755603662.3279815}
{"obj": {"type": "LogFloats", "path": ["monitoring", "c78de979", "gpu_power_0"], "values": [{"value": 64.428, "step": null, "ts": 1755603662.308961}]}, "version": 1208, "at": 1755603662.3280337}
{"obj": {"type": "LogFloats", "path": ["monitoring", "c78de979", "gpu_power_1"], "values": [{"value": 149.026, "step": null, "ts": 1755603662.308961}]}, "version": 1209, "at": 1755603662.328079}
{"obj": {"type": "LogFloats", "path": ["monitoring", "c78de979", "gpu_power_2"], "values": [{"value": 98.632, "step": null, "ts": 1755603662.308961}]}, "version": 1210, "at": 1755603662.3281264}
{"obj": {"type": "LogFloats", "path": ["monitoring", "c78de979", "gpu_power_3"], "values": [{"value": 107.113, "step": null, "ts": 1755603662.308961}]}, "version": 1211, "at": 1755603662.3281717}
{"obj": {"type": "LogFloats", "path": ["monitoring", "c78de979", "gpu_power_4"], "values": [{"value": 54.344, "step": null, "ts": 1755603662.308961}]}, "version": 1212, "at": 1755603662.3282158}
{"obj": {"type": "LogFloats", "path": ["monitoring", "c78de979", "gpu_power_5"], "values": [{"value": 17.651, "step": null, "ts": 1755603662.308961}]}, "version": 1213, "at": 1755603662.3282604}
{"obj": {"type": "AssignFloat", "path": ["val", "fold_0", "task_loss"], "value": 1.199094117142772}, "version": 1214, "at": 1755603668.7429717}
{"obj": {"type": "AssignFloat", "path": ["val", "fold_0", "c_index"], "value": 0.5910607071380921}, "version": 1215, "at": 1755603668.7431905}
{"obj": {"type": "AssignFloat", "path": ["val", "fold_0", "ibs"], "value": 0.17152803245707623}, "version": 1216, "at": 1755603668.7432384}
{"obj": {"type": "AssignFloat", "path": ["val", "fold_0", "inbll"], "value": 0.5253497225723832}, "version": 1217, "at": 1755603668.7432783}
{"obj": {"type": "AssignFloat", "path": ["val", "fold_0", "cs_score"], "value": 0.7097663373405079}, "version": 1218, "at": 1755603668.7433164}
{"obj": {"type": "AssignInt", "path": ["val", "fold_0", "epoch"], "value": 3}, "version": 1219, "at": 1755603668.7433758}
{"obj": {"type": "LogFloats", "path": ["monitoring", "c78de979", "cpu"], "values": [{"value": 45.2, "step": null, "ts": 1755603672.3284729}]}, "version": 1220, "at": 1755603672.3479743}
{"obj": {"type": "LogFloats", "path": ["monitoring", "c78de979", "memory"], "values": [{"value": 327.3042869567871, "step": null, "ts": 1755603672.3284729}]}, "version": 1221, "at": 1755603672.348247}
{"obj": {"type": "LogFloats", "path": ["monitoring", "c78de979", "gpu_0"], "values": [{"value": 4.0, "step": null, "ts": 1755603672.3284729}]}, "version": 1222, "at": 1755603672.3483186}
{"obj": {"type": "LogFloats", "path": ["monitoring", "c78de979", "gpu_2"], "values": [{"value": 26.0, "step": null, "ts": 1755603672.3284729}]}, "version": 1223, "at": 1755603672.3483756}
{"obj": {"type": "LogFloats", "path": ["monitoring", "c78de979", "gpu_3"], "values": [{"value": 42.0, "step": null, "ts": 1755603672.3284729}]}, "version": 1224, "at": 1755603672.3484268}
{"obj": {"type": "LogFloats", "path": ["monitoring", "c78de979", "gpu_memory_0"], "values": [{"value": 5.65789794921875, "step": null, "ts": 1755603672.3284729}]}, "version": 1225, "at": 1755603672.3484795}
{"obj": {"type": "LogFloats", "path": ["monitoring", "c78de979", "gpu_memory_1"], "values": [{"value": 15.00164794921875, "step": null, "ts": 1755603672.3284729}]}, "version": 1226, "at": 1755603672.348534}
{"obj": {"type": "LogFloats", "path": ["monitoring", "c78de979", "gpu_memory_2"], "values": [{"value": 15.32586669921875, "step": null, "ts": 1755603672.3284729}]}, "version": 1227, "at": 1755603672.3485866}
{"obj": {"type": "LogFloats", "path": ["monitoring", "c78de979", "gpu_memory_3"], "values": [{"value": 11.92108154296875, "step": null, "ts": 1755603672.3284729}]}, "version": 1228, "at": 1755603672.3486362}
{"obj": {"type": "LogFloats", "path": ["monitoring", "c78de979", "gpu_memory_4"], "values": [{"value": 8.55242919921875, "step": null, "ts": 1755603672.3284729}]}, "version": 1229, "at": 1755603672.3486834}
{"obj": {"type": "LogFloats", "path": ["monitoring", "c78de979", "gpu_memory_5"], "values": [{"value": 33.25946044921875, "step": null, "ts": 1755603672.3284729}]}, "version": 1230, "at": 1755603672.3487298}
{"obj": {"type": "LogFloats", "path": ["monitoring", "c78de979", "gpu_power_0"], "values": [{"value": 64.771, "step": null, "ts": 1755603672.3284729}]}, "version": 1231, "at": 1755603672.3487833}
{"obj": {"type": "LogFloats", "path": ["monitoring", "c78de979", "gpu_power_1"], "values": [{"value": 142.014, "step": null, "ts": 1755603672.3284729}]}, "version": 1232, "at": 1755603672.34883}
{"obj": {"type": "LogFloats", "path": ["monitoring", "c78de979", "gpu_power_2"], "values": [{"value": 94.746, "step": null, "ts": 1755603672.3284729}]}, "version": 1233, "at": 1755603672.348876}
{"obj": {"type": "LogFloats", "path": ["monitoring", "c78de979", "gpu_power_3"], "values": [{"value": 99.041, "step": null, "ts": 1755603672.3284729}]}, "version": 1234, "at": 1755603672.3489237}
{"obj": {"type": "LogFloats", "path": ["monitoring", "c78de979", "gpu_power_4"], "values": [{"value": 54.469, "step": null, "ts": 1755603672.3284729}]}, "version": 1235, "at": 1755603672.3489695}
{"obj": {"type": "LogFloats", "path": ["monitoring", "c78de979", "gpu_power_5"], "values": [{"value": 17.455, "step": null, "ts": 1755603672.3284729}]}, "version": 1236, "at": 1755603672.349015}
{"obj": {"type": "AssignFloat", "path": ["test", "fold_0", "task_loss"], "value": 1.2331559152314158}, "version": 1237, "at": 1755603676.562439}
{"obj": {"type": "AssignFloat", "path": ["test", "fold_0", "c_index"], "value": 0.6574903969270166}, "version": 1238, "at": 1755603676.5626767}
{"obj": {"type": "AssignFloat", "path": ["test", "fold_0", "ibs"], "value": 0.1784914824795549}, "version": 1239, "at": 1755603676.562723}
{"obj": {"type": "AssignFloat", "path": ["test", "fold_0", "inbll"], "value": 0.528543903461816}, "version": 1240, "at": 1755603676.5627565}
{"obj": {"type": "AssignFloat", "path": ["test", "fold_0", "cs_score"], "value": 0.7394994572237308}, "version": 1241, "at": 1755603676.5627897}
{"obj": {"type": "AssignInt", "path": ["test", "fold_0", "epoch"], "value": 3}, "version": 1242, "at": 1755603676.562839}
{"obj": {"type": "LogStrings", "path": ["monitoring", "c78de979", "stderr"], "values": [{"value": "\r  8%|\u2588\u2588\u2588\u2588\u2588\u2588\u2588                                                                                  | 4/50 [03:12<36:51, 48.08s/it]", "step": null, "ts": 1755603676.7605858}]}, "version": 1243, "at": 1755603676.7606902}
{"obj": {"type": "LogStrings", "path": ["monitoring", "c78de979", "stdout"], "values": [{"value": "Train...", "step": null, "ts": 1755603676.764948}]}, "version": 1244, "at": 1755603676.7649825}
{"obj": {"type": "LogStrings", "path": ["monitoring", "c78de979", "stdout"], "values": [{"value": "\n", "step": null, "ts": 1755603676.765113}]}, "version": 1245, "at": 1755603676.765127}
{"obj": {"type": "LogFloats", "path": ["monitoring", "c78de979", "cpu"], "values": [{"value": 49.5, "step": null, "ts": 1755603682.3491912}]}, "version": 1246, "at": 1755603682.3586001}
{"obj": {"type": "LogFloats", "path": ["monitoring", "c78de979", "memory"], "values": [{"value": 327.3174629211426, "step": null, "ts": 1755603682.3491912}]}, "version": 1247, "at": 1755603682.3588774}
{"obj": {"type": "LogFloats", "path": ["monitoring", "c78de979", "gpu_1"], "values": [{"value": 78.0, "step": null, "ts": 1755603682.3491912}]}, "version": 1248, "at": 1755603682.3589492}
{"obj": {"type": "LogFloats", "path": ["monitoring", "c78de979", "gpu_3"], "values": [{"value": 42.0, "step": null, "ts": 1755603682.3491912}]}, "version": 1249, "at": 1755603682.3590043}
{"obj": {"type": "LogFloats", "path": ["monitoring", "c78de979", "gpu_memory_0"], "values": [{"value": 5.65789794921875, "step": null, "ts": 1755603682.3491912}]}, "version": 1250, "at": 1755603682.3590586}
{"obj": {"type": "LogFloats", "path": ["monitoring", "c78de979", "gpu_memory_1"], "values": [{"value": 15.00164794921875, "step": null, "ts": 1755603682.3491912}]}, "version": 1251, "at": 1755603682.3591099}
{"obj": {"type": "LogFloats", "path": ["monitoring", "c78de979", "gpu_memory_2"], "values": [{"value": 15.32586669921875, "step": null, "ts": 1755603682.3491912}]}, "version": 1252, "at": 1755603682.359158}
{"obj": {"type": "LogFloats", "path": ["monitoring", "c78de979", "gpu_memory_3"], "values": [{"value": 11.92108154296875, "step": null, "ts": 1755603682.3491912}]}, "version": 1253, "at": 1755603682.359205}
{"obj": {"type": "LogFloats", "path": ["monitoring", "c78de979", "gpu_memory_4"], "values": [{"value": 8.55242919921875, "step": null, "ts": 1755603682.3491912}]}, "version": 1254, "at": 1755603682.359251}
{"obj": {"type": "LogFloats", "path": ["monitoring", "c78de979", "gpu_memory_5"], "values": [{"value": 33.25946044921875, "step": null, "ts": 1755603682.3491912}]}, "version": 1255, "at": 1755603682.3592951}
{"obj": {"type": "LogFloats", "path": ["monitoring", "c78de979", "gpu_power_0"], "values": [{"value": 64.479, "step": null, "ts": 1755603682.3491912}]}, "version": 1256, "at": 1755603682.3593438}
{"obj": {"type": "LogFloats", "path": ["monitoring", "c78de979", "gpu_power_1"], "values": [{"value": 161.374, "step": null, "ts": 1755603682.3491912}]}, "version": 1257, "at": 1755603682.3593905}
{"obj": {"type": "LogFloats", "path": ["monitoring", "c78de979", "gpu_power_2"], "values": [{"value": 98.949, "step": null, "ts": 1755603682.3491912}]}, "version": 1258, "at": 1755603682.3594363}
{"obj": {"type": "LogFloats", "path": ["monitoring", "c78de979", "gpu_power_3"], "values": [{"value": 105.786, "step": null, "ts": 1755603682.3491912}]}, "version": 1259, "at": 1755603682.3594816}
{"obj": {"type": "LogFloats", "path": ["monitoring", "c78de979", "gpu_power_4"], "values": [{"value": 54.072, "step": null, "ts": 1755603682.3491912}]}, "version": 1260, "at": 1755603682.359529}
{"obj": {"type": "LogFloats", "path": ["monitoring", "c78de979", "gpu_power_5"], "values": [{"value": 17.666, "step": null, "ts": 1755603682.3491912}]}, "version": 1261, "at": 1755603682.3595724}
{"obj": {"type": "LogFloats", "path": ["monitoring", "c78de979", "cpu"], "values": [{"value": 51.5, "step": null, "ts": 1755603692.3598387}]}, "version": 1262, "at": 1755603692.370366}
{"obj": {"type": "LogFloats", "path": ["monitoring", "c78de979", "memory"], "values": [{"value": 327.32140350341797, "step": null, "ts": 1755603692.3598387}]}, "version": 1263, "at": 1755603692.3706732}
{"obj": {"type": "LogFloats", "path": ["monitoring", "c78de979", "gpu_2"], "values": [{"value": 22.0, "step": null, "ts": 1755603692.3598387}]}, "version": 1264, "at": 1755603692.3707542}
{"obj": {"type": "LogFloats", "path": ["monitoring", "c78de979", "gpu_3"], "values": [{"value": 29.0, "step": null, "ts": 1755603692.3598387}]}, "version": 1265, "at": 1755603692.3708174}
{"obj": {"type": "LogFloats", "path": ["monitoring", "c78de979", "gpu_memory_0"], "values": [{"value": 5.65789794921875, "step": null, "ts": 1755603692.3598387}]}, "version": 1266, "at": 1755603692.37088}
{"obj": {"type": "LogFloats", "path": ["monitoring", "c78de979", "gpu_memory_1"], "values": [{"value": 15.00164794921875, "step": null, "ts": 1755603692.3598387}]}, "version": 1267, "at": 1755603692.370938}
{"obj": {"type": "LogFloats", "path": ["monitoring", "c78de979", "gpu_memory_2"], "values": [{"value": 15.32586669921875, "step": null, "ts": 1755603692.3598387}]}, "version": 1268, "at": 1755603692.3709953}
{"obj": {"type": "LogFloats", "path": ["monitoring", "c78de979", "gpu_memory_3"], "values": [{"value": 11.92108154296875, "step": null, "ts": 1755603692.3598387}]}, "version": 1269, "at": 1755603692.3710523}
{"obj": {"type": "LogFloats", "path": ["monitoring", "c78de979", "gpu_memory_4"], "values": [{"value": 8.55242919921875, "step": null, "ts": 1755603692.3598387}]}, "version": 1270, "at": 1755603692.371107}
{"obj": {"type": "LogFloats", "path": ["monitoring", "c78de979", "gpu_memory_5"], "values": [{"value": 33.25946044921875, "step": null, "ts": 1755603692.3598387}]}, "version": 1271, "at": 1755603692.3711615}
{"obj": {"type": "LogFloats", "path": ["monitoring", "c78de979", "gpu_power_0"], "values": [{"value": 64.385, "step": null, "ts": 1755603692.3598387}]}, "version": 1272, "at": 1755603692.3712177}
{"obj": {"type": "LogFloats", "path": ["monitoring", "c78de979", "gpu_power_1"], "values": [{"value": 150.806, "step": null, "ts": 1755603692.3598387}]}, "version": 1273, "at": 1755603692.3712704}
{"obj": {"type": "LogFloats", "path": ["monitoring", "c78de979", "gpu_power_2"], "values": [{"value": 98.006, "step": null, "ts": 1755603692.3598387}]}, "version": 1274, "at": 1755603692.371325}
{"obj": {"type": "LogFloats", "path": ["monitoring", "c78de979", "gpu_power_3"], "values": [{"value": 107.5, "step": null, "ts": 1755603692.3598387}]}, "version": 1275, "at": 1755603692.3713787}
{"obj": {"type": "LogFloats", "path": ["monitoring", "c78de979", "gpu_power_4"], "values": [{"value": 54.718, "step": null, "ts": 1755603692.3598387}]}, "version": 1276, "at": 1755603692.3714333}
{"obj": {"type": "LogFloats", "path": ["monitoring", "c78de979", "gpu_power_5"], "values": [{"value": 17.81, "step": null, "ts": 1755603692.3598387}]}, "version": 1277, "at": 1755603692.371486}
{"obj": {"type": "LogFloats", "path": ["monitoring", "c78de979", "cpu"], "values": [{"value": 53.3, "step": null, "ts": 1755603702.371672}]}, "version": 1278, "at": 1755603702.3867404}
{"obj": {"type": "LogFloats", "path": ["monitoring", "c78de979", "memory"], "values": [{"value": 327.4427070617676, "step": null, "ts": 1755603702.371672}]}, "version": 1279, "at": 1755603702.3870807}
{"obj": {"type": "LogFloats", "path": ["monitoring", "c78de979", "gpu_1"], "values": [{"value": 33.0, "step": null, "ts": 1755603702.371672}]}, "version": 1280, "at": 1755603702.3871675}
{"obj": {"type": "LogFloats", "path": ["monitoring", "c78de979", "gpu_memory_0"], "values": [{"value": 5.65789794921875, "step": null, "ts": 1755603702.371672}]}, "version": 1281, "at": 1755603702.3872352}
{"obj": {"type": "LogFloats", "path": ["monitoring", "c78de979", "gpu_memory_1"], "values": [{"value": 15.00164794921875, "step": null, "ts": 1755603702.371672}]}, "version": 1282, "at": 1755603702.3872983}
{"obj": {"type": "LogFloats", "path": ["monitoring", "c78de979", "gpu_memory_2"], "values": [{"value": 15.32586669921875, "step": null, "ts": 1755603702.371672}]}, "version": 1283, "at": 1755603702.3873582}
{"obj": {"type": "LogFloats", "path": ["monitoring", "c78de979", "gpu_memory_3"], "values": [{"value": 11.92108154296875, "step": null, "ts": 1755603702.371672}]}, "version": 1284, "at": 1755603702.3874176}
{"obj": {"type": "LogFloats", "path": ["monitoring", "c78de979", "gpu_memory_4"], "values": [{"value": 8.55242919921875, "step": null, "ts": 1755603702.371672}]}, "version": 1285, "at": 1755603702.3874736}
{"obj": {"type": "LogFloats", "path": ["monitoring", "c78de979", "gpu_memory_5"], "values": [{"value": 33.25946044921875, "step": null, "ts": 1755603702.371672}]}, "version": 1286, "at": 1755603702.3875272}
{"obj": {"type": "LogFloats", "path": ["monitoring", "c78de979", "gpu_power_0"], "values": [{"value": 64.219, "step": null, "ts": 1755603702.371672}]}, "version": 1287, "at": 1755603702.3875928}
{"obj": {"type": "LogFloats", "path": ["monitoring", "c78de979", "gpu_power_1"], "values": [{"value": 146.936, "step": null, "ts": 1755603702.371672}]}, "version": 1288, "at": 1755603702.3876457}
{"obj": {"type": "LogFloats", "path": ["monitoring", "c78de979", "gpu_power_2"], "values": [{"value": 98.653, "step": null, "ts": 1755603702.371672}]}, "version": 1289, "at": 1755603702.3877075}
{"obj": {"type": "LogFloats", "path": ["monitoring", "c78de979", "gpu_power_3"], "values": [{"value": 102.727, "step": null, "ts": 1755603702.371672}]}, "version": 1290, "at": 1755603702.3877633}
{"obj": {"type": "LogFloats", "path": ["monitoring", "c78de979", "gpu_power_4"], "values": [{"value": 54.279, "step": null, "ts": 1755603702.371672}]}, "version": 1291, "at": 1755603702.3878233}
{"obj": {"type": "LogFloats", "path": ["monitoring", "c78de979", "gpu_power_5"], "values": [{"value": 17.589, "step": null, "ts": 1755603702.371672}]}, "version": 1292, "at": 1755603702.387879}
{"obj": {"type": "AssignFloat", "path": ["train", "fold_0", "task_loss"], "value": 1.1026669415560635}, "version": 1293, "at": 1755603706.6934276}
{"obj": {"type": "AssignInt", "path": ["train", "fold_0", "epoch"], "value": 4}, "version": 1294, "at": 1755603706.6937065}
{"obj": {"type": "LogStrings", "path": ["monitoring", "c78de979", "stdout"], "values": [{"value": "Val...", "step": null, "ts": 1755603706.6956022}]}, "version": 1295, "at": 1755603706.6956682}
{"obj": {"type": "LogStrings", "path": ["monitoring", "c78de979", "stdout"], "values": [{"value": "\n", "step": null, "ts": 1755603706.6977296}]}, "version": 1296, "at": 1755603706.697758}
{"obj": {"type": "LogFloats", "path": ["monitoring", "c78de979", "cpu"], "values": [{"value": 49.0, "step": null, "ts": 1755603712.393712}]}, "version": 1297, "at": 1755603712.4029472}
{"obj": {"type": "LogFloats", "path": ["monitoring", "c78de979", "memory"], "values": [{"value": 327.44304275512695, "step": null, "ts": 1755603712.393712}]}, "version": 1298, "at": 1755603712.4032357}
{"obj": {"type": "LogFloats", "path": ["monitoring", "c78de979", "gpu_0"], "values": [{"value": 3.0, "step": null, "ts": 1755603712.393712}]}, "version": 1299, "at": 1755603712.4033291}
{"obj": {"type": "LogFloats", "path": ["monitoring", "c78de979", "gpu_1"], "values": [{"value": 66.0, "step": null, "ts": 1755603712.393712}]}, "version": 1300, "at": 1755603712.403426}
{"obj": {"type": "LogFloats", "path": ["monitoring", "c78de979", "gpu_2"], "values": [{"value": 23.0, "step": null, "ts": 1755603712.393712}]}, "version": 1301, "at": 1755603712.4035432}
{"obj": {"type": "LogFloats", "path": ["monitoring", "c78de979", "gpu_memory_0"], "values": [{"value": 5.65789794921875, "step": null, "ts": 1755603712.393712}]}, "version": 1302, "at": 1755603712.4036188}
{"obj": {"type": "LogFloats", "path": ["monitoring", "c78de979", "gpu_memory_1"], "values": [{"value": 15.00164794921875, "step": null, "ts": 1755603712.393712}]}, "version": 1303, "at": 1755603712.4037044}
{"obj": {"type": "LogFloats", "path": ["monitoring", "c78de979", "gpu_memory_2"], "values": [{"value": 15.32586669921875, "step": null, "ts": 1755603712.393712}]}, "version": 1304, "at": 1755603712.403773}
{"obj": {"type": "LogFloats", "path": ["monitoring", "c78de979", "gpu_memory_3"], "values": [{"value": 11.92108154296875, "step": null, "ts": 1755603712.393712}]}, "version": 1305, "at": 1755603712.4039977}
{"obj": {"type": "LogFloats", "path": ["monitoring", "c78de979", "gpu_memory_4"], "values": [{"value": 8.55242919921875, "step": null, "ts": 1755603712.393712}]}, "version": 1306, "at": 1755603712.4040549}
{"obj": {"type": "LogFloats", "path": ["monitoring", "c78de979", "gpu_memory_5"], "values": [{"value": 33.25946044921875, "step": null, "ts": 1755603712.393712}]}, "version": 1307, "at": 1755603712.4041073}
{"obj": {"type": "LogFloats", "path": ["monitoring", "c78de979", "gpu_power_0"], "values": [{"value": 64.721, "step": null, "ts": 1755603712.393712}]}, "version": 1308, "at": 1755603712.4041615}
{"obj": {"type": "LogFloats", "path": ["monitoring", "c78de979", "gpu_power_1"], "values": [{"value": 142.038, "step": null, "ts": 1755603712.393712}]}, "version": 1309, "at": 1755603712.4042122}
{"obj": {"type": "LogFloats", "path": ["monitoring", "c78de979", "gpu_power_2"], "values": [{"value": 97.893, "step": null, "ts": 1755603712.393712}]}, "version": 1310, "at": 1755603712.4043243}
{"obj": {"type": "LogFloats", "path": ["monitoring", "c78de979", "gpu_power_3"], "values": [{"value": 109.338, "step": null, "ts": 1755603712.393712}]}, "version": 1311, "at": 1755603712.4044323}
{"obj": {"type": "LogFloats", "path": ["monitoring", "c78de979", "gpu_power_4"], "values": [{"value": 54.063, "step": null, "ts": 1755603712.393712}]}, "version": 1312, "at": 1755603712.404501}
{"obj": {"type": "LogFloats", "path": ["monitoring", "c78de979", "gpu_power_5"], "values": [{"value": 17.867, "step": null, "ts": 1755603712.393712}]}, "version": 1313, "at": 1755603712.4045744}
{"obj": {"type": "AssignFloat", "path": ["val", "fold_0", "task_loss"], "value": 1.1258119772408754}, "version": 1314, "at": 1755603714.724284}
{"obj": {"type": "AssignFloat", "path": ["val", "fold_0", "c_index"], "value": 0.5912830776072937}, "version": 1315, "at": 1755603714.724468}
{"obj": {"type": "AssignFloat", "path": ["val", "fold_0", "ibs"], "value": 0.16226232761537868}, "version": 1316, "at": 1755603714.7245207}
{"obj": {"type": "AssignFloat", "path": ["val", "fold_0", "inbll"], "value": 0.5063808189346053}, "version": 1317, "at": 1755603714.7245634}
{"obj": {"type": "AssignFloat", "path": ["val", "fold_0", "cs_score"], "value": 0.7145103749959575}, "version": 1318, "at": 1755603714.724601}
{"obj": {"type": "AssignInt", "path": ["val", "fold_0", "epoch"], "value": 4}, "version": 1319, "at": 1755603714.7246537}
{"obj": {"type": "LogFloats", "path": ["monitoring", "c78de979", "cpu"], "values": [{"value": 51.7, "step": null, "ts": 1755603722.406592}]}, "version": 1320, "at": 1755603722.4264576}
{"obj": {"type": "LogFloats", "path": ["monitoring", "c78de979", "memory"], "values": [{"value": 327.4600067138672, "step": null, "ts": 1755603722.406592}]}, "version": 1321, "at": 1755603722.4277878}
{"obj": {"type": "LogFloats", "path": ["monitoring", "c78de979", "gpu_0"], "values": [{"value": 4.0, "step": null, "ts": 1755603722.406592}]}, "version": 1322, "at": 1755603722.4279275}
{"obj": {"type": "LogFloats", "path": ["monitoring", "c78de979", "gpu_1"], "values": [{"value": 99.0, "step": null, "ts": 1755603722.406592}]}, "version": 1323, "at": 1755603722.4296775}
{"obj": {"type": "LogFloats", "path": ["monitoring", "c78de979", "gpu_memory_0"], "values": [{"value": 5.65789794921875, "step": null, "ts": 1755603722.406592}]}, "version": 1324, "at": 1755603722.4300127}
{"obj": {"type": "LogFloats", "path": ["monitoring", "c78de979", "gpu_memory_1"], "values": [{"value": 15.00164794921875, "step": null, "ts": 1755603722.406592}]}, "version": 1325, "at": 1755603722.4300835}
{"obj": {"type": "LogFloats", "path": ["monitoring", "c78de979", "gpu_memory_2"], "values": [{"value": 15.32586669921875, "step": null, "ts": 1755603722.406592}]}, "version": 1326, "at": 1755603722.4301507}
{"obj": {"type": "LogFloats", "path": ["monitoring", "c78de979", "gpu_memory_3"], "values": [{"value": 11.92108154296875, "step": null, "ts": 1755603722.406592}]}, "version": 1327, "at": 1755603722.4302258}
{"obj": {"type": "LogFloats", "path": ["monitoring", "c78de979", "gpu_memory_4"], "values": [{"value": 8.55242919921875, "step": null, "ts": 1755603722.406592}]}, "version": 1328, "at": 1755603722.4303737}
{"obj": {"type": "LogFloats", "path": ["monitoring", "c78de979", "gpu_memory_5"], "values": [{"value": 33.25946044921875, "step": null, "ts": 1755603722.406592}]}, "version": 1329, "at": 1755603722.4304633}
{"obj": {"type": "LogFloats", "path": ["monitoring", "c78de979", "gpu_power_0"], "values": [{"value": 65.093, "step": null, "ts": 1755603722.406592}]}, "version": 1330, "at": 1755603722.4306757}
{"obj": {"type": "LogFloats", "path": ["monitoring", "c78de979", "gpu_power_1"], "values": [{"value": 174.338, "step": null, "ts": 1755603722.406592}]}, "version": 1331, "at": 1755603722.4307606}
{"obj": {"type": "LogFloats", "path": ["monitoring", "c78de979", "gpu_power_2"], "values": [{"value": 89.767, "step": null, "ts": 1755603722.406592}]}, "version": 1332, "at": 1755603722.4308453}
{"obj": {"type": "LogFloats", "path": ["monitoring", "c78de979", "gpu_power_3"], "values": [{"value": 117.158, "step": null, "ts": 1755603722.406592}]}, "version": 1333, "at": 1755603722.4309204}
{"obj": {"type": "LogFloats", "path": ["monitoring", "c78de979", "gpu_power_4"], "values": [{"value": 54.448, "step": null, "ts": 1755603722.406592}]}, "version": 1334, "at": 1755603722.4309988}
{"obj": {"type": "LogFloats", "path": ["monitoring", "c78de979", "gpu_power_5"], "values": [{"value": 17.716, "step": null, "ts": 1755603722.406592}]}, "version": 1335, "at": 1755603722.4310594}
{"obj": {"type": "AssignFloat", "path": ["test", "fold_0", "task_loss"], "value": 1.195343711159446}, "version": 1336, "at": 1755603722.8725655}
{"obj": {"type": "AssignFloat", "path": ["test", "fold_0", "c_index"], "value": 0.6212121212121212}, "version": 1337, "at": 1755603722.8727465}
{"obj": {"type": "AssignFloat", "path": ["test", "fold_0", "ibs"], "value": 0.1812112592105679}, "version": 1338, "at": 1755603722.8727937}
{"obj": {"type": "AssignFloat", "path": ["test", "fold_0", "inbll"], "value": 0.5467646368433773}, "version": 1339, "at": 1755603722.8728304}
{"obj": {"type": "AssignFloat", "path": ["test", "fold_0", "cs_score"], "value": 0.7200004310007766}, "version": 1340, "at": 1755603722.8728628}
{"obj": {"type": "AssignInt", "path": ["test", "fold_0", "epoch"], "value": 4}, "version": 1341, "at": 1755603722.8729157}
{"obj": {"type": "LogStrings", "path": ["monitoring", "c78de979", "stderr"], "values": [{"value": "\r 10%|\u2588\u2588\u2588\u2588\u2588\u2588\u2588\u2588\u2589                                                                                | 5/50 [03:59<35:34, 47.44s/it]", "step": null, "ts": 1755603723.078948}]}, "version": 1342, "at": 1755603723.079124}
{"obj": {"type": "LogStrings", "path": ["monitoring", "c78de979", "stdout"], "values": [{"value": "Train...", "step": null, "ts": 1755603723.0797863}]}, "version": 1343, "at": 1755603723.0798728}
{"obj": {"type": "LogStrings", "path": ["monitoring", "c78de979", "stdout"], "values": [{"value": "\n", "step": null, "ts": 1755603723.081948}]}, "version": 1344, "at": 1755603723.081996}
{"obj": {"type": "LogFloats", "path": ["monitoring", "c78de979", "cpu"], "values": [{"value": 52.3, "step": null, "ts": 1755603732.4312594}]}, "version": 1345, "at": 1755603732.4387546}
{"obj": {"type": "LogFloats", "path": ["monitoring", "c78de979", "memory"], "values": [{"value": 327.48079681396484, "step": null, "ts": 1755603732.4312594}]}, "version": 1346, "at": 1755603732.4390185}
{"obj": {"type": "LogFloats", "path": ["monitoring", "c78de979", "gpu_1"], "values": [{"value": 75.0, "step": null, "ts": 1755603732.4312594}]}, "version": 1347, "at": 1755603732.4390905}
{"obj": {"type": "LogFloats", "path": ["monitoring", "c78de979", "gpu_2"], "values": [{"value": 24.0, "step": null, "ts": 1755603732.4312594}]}, "version": 1348, "at": 1755603732.4391463}
{"obj": {"type": "LogFloats", "path": ["monitoring", "c78de979", "gpu_memory_0"], "values": [{"value": 5.65789794921875, "step": null, "ts": 1755603732.4312594}]}, "version": 1349, "at": 1755603732.439199}
{"obj": {"type": "LogFloats", "path": ["monitoring", "c78de979", "gpu_memory_1"], "values": [{"value": 15.00164794921875, "step": null, "ts": 1755603732.4312594}]}, "version": 1350, "at": 1755603732.4392476}
{"obj": {"type": "LogFloats", "path": ["monitoring", "c78de979", "gpu_memory_2"], "values": [{"value": 15.32586669921875, "step": null, "ts": 1755603732.4312594}]}, "version": 1351, "at": 1755603732.4392962}
{"obj": {"type": "LogFloats", "path": ["monitoring", "c78de979", "gpu_memory_3"], "values": [{"value": 11.92108154296875, "step": null, "ts": 1755603732.4312594}]}, "version": 1352, "at": 1755603732.4393451}
{"obj": {"type": "LogFloats", "path": ["monitoring", "c78de979", "gpu_memory_4"], "values": [{"value": 8.55242919921875, "step": null, "ts": 1755603732.4312594}]}, "version": 1353, "at": 1755603732.4393914}
{"obj": {"type": "LogFloats", "path": ["monitoring", "c78de979", "gpu_memory_5"], "values": [{"value": 33.25946044921875, "step": null, "ts": 1755603732.4312594}]}, "version": 1354, "at": 1755603732.4394379}
{"obj": {"type": "LogFloats", "path": ["monitoring", "c78de979", "gpu_power_0"], "values": [{"value": 64.617, "step": null, "ts": 1755603732.4312594}]}, "version": 1355, "at": 1755603732.4394913}
{"obj": {"type": "LogFloats", "path": ["monitoring", "c78de979", "gpu_power_1"], "values": [{"value": 169.322, "step": null, "ts": 1755603732.4312594}]}, "version": 1356, "at": 1755603732.4395385}
{"obj": {"type": "LogFloats", "path": ["monitoring", "c78de979", "gpu_power_2"], "values": [{"value": 93.627, "step": null, "ts": 1755603732.4312594}]}, "version": 1357, "at": 1755603732.4395843}
{"obj": {"type": "LogFloats", "path": ["monitoring", "c78de979", "gpu_power_3"], "values": [{"value": 120.665, "step": null, "ts": 1755603732.4312594}]}, "version": 1358, "at": 1755603732.4396322}
{"obj": {"type": "LogFloats", "path": ["monitoring", "c78de979", "gpu_power_4"], "values": [{"value": 54.385, "step": null, "ts": 1755603732.4312594}]}, "version": 1359, "at": 1755603732.4396808}
{"obj": {"type": "LogFloats", "path": ["monitoring", "c78de979", "gpu_power_5"], "values": [{"value": 17.729, "step": null, "ts": 1755603732.4312594}]}, "version": 1360, "at": 1755603732.4397252}
{"obj": {"type": "LogFloats", "path": ["monitoring", "c78de979", "cpu"], "values": [{"value": 51.3, "step": null, "ts": 1755603742.439972}]}, "version": 1361, "at": 1755603742.4555361}
{"obj": {"type": "LogFloats", "path": ["monitoring", "c78de979", "memory"], "values": [{"value": 327.5295181274414, "step": null, "ts": 1755603742.439972}]}, "version": 1362, "at": 1755603742.4558518}
{"obj": {"type": "LogFloats", "path": ["monitoring", "c78de979", "gpu_1"], "values": [{"value": 60.0, "step": null, "ts": 1755603742.439972}]}, "version": 1363, "at": 1755603742.4559414}
{"obj": {"type": "LogFloats", "path": ["monitoring", "c78de979", "gpu_memory_0"], "values": [{"value": 5.65789794921875, "step": null, "ts": 1755603742.439972}]}, "version": 1364, "at": 1755603742.4560127}
{"obj": {"type": "LogFloats", "path": ["monitoring", "c78de979", "gpu_memory_1"], "values": [{"value": 15.00164794921875, "step": null, "ts": 1755603742.439972}]}, "version": 1365, "at": 1755603742.456078}
{"obj": {"type": "LogFloats", "path": ["monitoring", "c78de979", "gpu_memory_2"], "values": [{"value": 15.32586669921875, "step": null, "ts": 1755603742.439972}]}, "version": 1366, "at": 1755603742.456138}
{"obj": {"type": "LogFloats", "path": ["monitoring", "c78de979", "gpu_memory_3"], "values": [{"value": 11.92108154296875, "step": null, "ts": 1755603742.439972}]}, "version": 1367, "at": 1755603742.4561973}
{"obj": {"type": "LogFloats", "path": ["monitoring", "c78de979", "gpu_memory_4"], "values": [{"value": 8.55242919921875, "step": null, "ts": 1755603742.439972}]}, "version": 1368, "at": 1755603742.456259}
{"obj": {"type": "LogFloats", "path": ["monitoring", "c78de979", "gpu_memory_5"], "values": [{"value": 33.25946044921875, "step": null, "ts": 1755603742.439972}]}, "version": 1369, "at": 1755603742.456317}
{"obj": {"type": "LogFloats", "path": ["monitoring", "c78de979", "gpu_power_0"], "values": [{"value": 64.09, "step": null, "ts": 1755603742.439972}]}, "version": 1370, "at": 1755603742.45638}
{"obj": {"type": "LogFloats", "path": ["monitoring", "c78de979", "gpu_power_1"], "values": [{"value": 161.989, "step": null, "ts": 1755603742.439972}]}, "version": 1371, "at": 1755603742.4564416}
{"obj": {"type": "LogFloats", "path": ["monitoring", "c78de979", "gpu_power_2"], "values": [{"value": 98.906, "step": null, "ts": 1755603742.439972}]}, "version": 1372, "at": 1755603742.4565246}
{"obj": {"type": "LogFloats", "path": ["monitoring", "c78de979", "gpu_power_3"], "values": [{"value": 117.822, "step": null, "ts": 1755603742.439972}]}, "version": 1373, "at": 1755603742.4565833}
{"obj": {"type": "LogFloats", "path": ["monitoring", "c78de979", "gpu_power_4"], "values": [{"value": 54.387, "step": null, "ts": 1755603742.439972}]}, "version": 1374, "at": 1755603742.456639}
{"obj": {"type": "LogFloats", "path": ["monitoring", "c78de979", "gpu_power_5"], "values": [{"value": 17.645, "step": null, "ts": 1755603742.439972}]}, "version": 1375, "at": 1755603742.4566953}
{"obj": {"type": "AssignFloat", "path": ["train", "fold_0", "task_loss"], "value": 1.0928423621437766}, "version": 1376, "at": 1755603752.399057}
{"obj": {"type": "AssignInt", "path": ["train", "fold_0", "epoch"], "value": 5}, "version": 1377, "at": 1755603752.3993704}
{"obj": {"type": "LogStrings", "path": ["monitoring", "c78de979", "stdout"], "values": [{"value": "Val...", "step": null, "ts": 1755603752.4019458}]}, "version": 1378, "at": 1755603752.4021337}
{"obj": {"type": "LogStrings", "path": ["monitoring", "c78de979", "stdout"], "values": [{"value": "\n", "step": null, "ts": 1755603752.4046178}]}, "version": 1379, "at": 1755603752.4046404}
{"obj": {"type": "LogFloats", "path": ["monitoring", "c78de979", "cpu"], "values": [{"value": 48.7, "step": null, "ts": 1755603752.4568887}]}, "version": 1380, "at": 1755603752.4642954}
{"obj": {"type": "LogFloats", "path": ["monitoring", "c78de979", "memory"], "values": [{"value": 327.4654083251953, "step": null, "ts": 1755603752.4568887}]}, "version": 1381, "at": 1755603752.4645045}
{"obj": {"type": "LogFloats", "path": ["monitoring", "c78de979", "gpu_1"], "values": [{"value": 91.0, "step": null, "ts": 1755603752.4568887}]}, "version": 1382, "at": 1755603752.4646595}
{"obj": {"type": "LogFloats", "path": ["monitoring", "c78de979", "gpu_2"], "values": [{"value": 19.0, "step": null, "ts": 1755603752.4568887}]}, "version": 1383, "at": 1755603752.4647458}
{"obj": {"type": "LogFloats", "path": ["monitoring", "c78de979", "gpu_memory_0"], "values": [{"value": 5.65789794921875, "step": null, "ts": 1755603752.4568887}]}, "version": 1384, "at": 1755603752.4648192}
{"obj": {"type": "LogFloats", "path": ["monitoring", "c78de979", "gpu_memory_1"], "values": [{"value": 15.00164794921875, "step": null, "ts": 1755603752.4568887}]}, "version": 1385, "at": 1755603752.4648857}
{"obj": {"type": "LogFloats", "path": ["monitoring", "c78de979", "gpu_memory_2"], "values": [{"value": 15.32586669921875, "step": null, "ts": 1755603752.4568887}]}, "version": 1386, "at": 1755603752.4649568}
{"obj": {"type": "LogFloats", "path": ["monitoring", "c78de979", "gpu_memory_3"], "values": [{"value": 11.92108154296875, "step": null, "ts": 1755603752.4568887}]}, "version": 1387, "at": 1755603752.465017}
{"obj": {"type": "LogFloats", "path": ["monitoring", "c78de979", "gpu_memory_4"], "values": [{"value": 8.55242919921875, "step": null, "ts": 1755603752.4568887}]}, "version": 1388, "at": 1755603752.4652555}
{"obj": {"type": "LogFloats", "path": ["monitoring", "c78de979", "gpu_memory_5"], "values": [{"value": 33.25946044921875, "step": null, "ts": 1755603752.4568887}]}, "version": 1389, "at": 1755603752.4653132}
{"obj": {"type": "LogFloats", "path": ["monitoring", "c78de979", "gpu_power_0"], "values": [{"value": 64.62, "step": null, "ts": 1755603752.4568887}]}, "version": 1390, "at": 1755603752.4653723}
{"obj": {"type": "LogFloats", "path": ["monitoring", "c78de979", "gpu_power_1"], "values": [{"value": 171.502, "step": null, "ts": 1755603752.4568887}]}, "version": 1391, "at": 1755603752.4654245}
{"obj": {"type": "LogFloats", "path": ["monitoring", "c78de979", "gpu_power_2"], "values": [{"value": 89.344, "step": null, "ts": 1755603752.4568887}]}, "version": 1392, "at": 1755603752.4654772}
{"obj": {"type": "LogFloats", "path": ["monitoring", "c78de979", "gpu_power_3"], "values": [{"value": 117.483, "step": null, "ts": 1755603752.4568887}]}, "version": 1393, "at": 1755603752.4655762}
{"obj": {"type": "LogFloats", "path": ["monitoring", "c78de979", "gpu_power_4"], "values": [{"value": 54.431, "step": null, "ts": 1755603752.4568887}]}, "version": 1394, "at": 1755603752.4656775}
{"obj": {"type": "LogFloats", "path": ["monitoring", "c78de979", "gpu_power_5"], "values": [{"value": 17.783, "step": null, "ts": 1755603752.4568887}]}, "version": 1395, "at": 1755603752.465749}
{"obj": {"type": "AssignFloat", "path": ["val", "fold_0", "task_loss"], "value": 1.1193648476637046}, "version": 1396, "at": 1755603760.5298634}
{"obj": {"type": "AssignFloat", "path": ["val", "fold_0", "c_index"], "value": 0.5868356682232599}, "version": 1397, "at": 1755603760.5300822}
{"obj": {"type": "AssignFloat", "path": ["val", "fold_0", "ibs"], "value": 0.15323467633713628}, "version": 1398, "at": 1755603760.5301335}
{"obj": {"type": "AssignFloat", "path": ["val", "fold_0", "inbll"], "value": 0.4714017657880905}, "version": 1399, "at": 1755603760.5301735}
{"obj": {"type": "AssignFloat", "path": ["val", "fold_0", "cs_score"], "value": 0.7168004959430618}, "version": 1400, "at": 1755603760.5302265}
{"obj": {"type": "AssignInt", "path": ["val", "fold_0", "epoch"], "value": 5}, "version": 1401, "at": 1755603760.5302863}
{"obj": {"type": "LogFloats", "path": ["monitoring", "c78de979", "cpu"], "values": [{"value": 47.1, "step": null, "ts": 1755603762.465944}]}, "version": 1402, "at": 1755603762.4919603}
{"obj": {"type": "LogFloats", "path": ["monitoring", "c78de979", "memory"], "values": [{"value": 327.53240966796875, "step": null, "ts": 1755603762.465944}]}, "version": 1403, "at": 1755603762.4933774}
{"obj": {"type": "LogFloats", "path": ["monitoring", "c78de979", "gpu_0"], "values": [{"value": 3.0, "step": null, "ts": 1755603762.465944}]}, "version": 1404, "at": 1755603762.493518}
{"obj": {"type": "LogFloats", "path": ["monitoring", "c78de979", "gpu_1"], "values": [{"value": 93.0, "step": null, "ts": 1755603762.465944}]}, "version": 1405, "at": 1755603762.495385}
{"obj": {"type": "LogFloats", "path": ["monitoring", "c78de979", "gpu_memory_0"], "values": [{"value": 5.65789794921875, "step": null, "ts": 1755603762.465944}]}, "version": 1406, "at": 1755603762.4954958}
{"obj": {"type": "LogFloats", "path": ["monitoring", "c78de979", "gpu_memory_1"], "values": [{"value": 15.00164794921875, "step": null, "ts": 1755603762.465944}]}, "version": 1407, "at": 1755603762.4958305}
{"obj": {"type": "LogFloats", "path": ["monitoring", "c78de979", "gpu_memory_2"], "values": [{"value": 15.32586669921875, "step": null, "ts": 1755603762.465944}]}, "version": 1408, "at": 1755603762.4959037}
{"obj": {"type": "LogFloats", "path": ["monitoring", "c78de979", "gpu_memory_3"], "values": [{"value": 11.92108154296875, "step": null, "ts": 1755603762.465944}]}, "version": 1409, "at": 1755603762.4959853}
{"obj": {"type": "LogFloats", "path": ["monitoring", "c78de979", "gpu_memory_4"], "values": [{"value": 8.55242919921875, "step": null, "ts": 1755603762.465944}]}, "version": 1410, "at": 1755603762.4960508}
{"obj": {"type": "LogFloats", "path": ["monitoring", "c78de979", "gpu_memory_5"], "values": [{"value": 33.25946044921875, "step": null, "ts": 1755603762.465944}]}, "version": 1411, "at": 1755603762.4961166}
{"obj": {"type": "LogFloats", "path": ["monitoring", "c78de979", "gpu_power_0"], "values": [{"value": 64.536, "step": null, "ts": 1755603762.465944}]}, "version": 1412, "at": 1755603762.4962087}
{"obj": {"type": "LogFloats", "path": ["monitoring", "c78de979", "gpu_power_1"], "values": [{"value": 177.739, "step": null, "ts": 1755603762.465944}]}, "version": 1413, "at": 1755603762.4963024}
{"obj": {"type": "LogFloats", "path": ["monitoring", "c78de979", "gpu_power_2"], "values": [{"value": 98.697, "step": null, "ts": 1755603762.465944}]}, "version": 1414, "at": 1755603762.496382}
{"obj": {"type": "LogFloats", "path": ["monitoring", "c78de979", "gpu_power_3"], "values": [{"value": 131.993, "step": null, "ts": 1755603762.465944}]}, "version": 1415, "at": 1755603762.4965081}
{"obj": {"type": "LogFloats", "path": ["monitoring", "c78de979", "gpu_power_4"], "values": [{"value": 54.756, "step": null, "ts": 1755603762.465944}]}, "version": 1416, "at": 1755603762.4966128}
{"obj": {"type": "LogFloats", "path": ["monitoring", "c78de979", "gpu_power_5"], "values": [{"value": 17.454, "step": null, "ts": 1755603762.465944}]}, "version": 1417, "at": 1755603762.4966788}
{"obj": {"type": "AssignFloat", "path": ["test", "fold_0", "task_loss"], "value": 1.1797498067220051}, "version": 1418, "at": 1755603768.6062427}
{"obj": {"type": "AssignFloat", "path": ["test", "fold_0", "c_index"], "value": 0.617797695262484}, "version": 1419, "at": 1755603768.6064878}
{"obj": {"type": "AssignFloat", "path": ["test", "fold_0", "ibs"], "value": 0.18328235614926075}, "version": 1420, "at": 1755603768.606542}
{"obj": {"type": "AssignFloat", "path": ["test", "fold_0", "inbll"], "value": 0.5584448695635131}, "version": 1421, "at": 1755603768.6065805}
{"obj": {"type": "AssignFloat", "path": ["test", "fold_0", "cs_score"], "value": 0.7172576695566116}, "version": 1422, "at": 1755603768.6066139}
{"obj": {"type": "AssignInt", "path": ["test", "fold_0", "epoch"], "value": 5}, "version": 1423, "at": 1755603768.6066678}
{"obj": {"type": "LogStrings", "path": ["monitoring", "c78de979", "stderr"], "values": [{"value": "\r 12%|\u2588\u2588\u2588\u2588\u2588\u2588\u2588\u2588\u2588\u2588\u258b                                                                              | 6/50 [04:45<34:22, 46.88s/it]", "step": null, "ts": 1755603768.8573725}]}, "version": 1424, "at": 1755603768.8575578}
{"obj": {"type": "LogStrings", "path": ["monitoring", "c78de979", "stdout"], "values": [{"value": "Train...", "step": null, "ts": 1755603768.8599973}]}, "version": 1425, "at": 1755603768.8600416}
{"obj": {"type": "LogStrings", "path": ["monitoring", "c78de979", "stdout"], "values": [{"value": "\n", "step": null, "ts": 1755603768.8602047}]}, "version": 1426, "at": 1755603768.8602192}
{"obj": {"type": "LogFloats", "path": ["monitoring", "c78de979", "cpu"], "values": [{"value": 51.0, "step": null, "ts": 1755603772.4968932}]}, "version": 1427, "at": 1755603772.5202851}
{"obj": {"type": "LogFloats", "path": ["monitoring", "c78de979", "memory"], "values": [{"value": 327.5249481201172, "step": null, "ts": 1755603772.4968932}]}, "version": 1428, "at": 1755603772.5205493}
{"obj": {"type": "LogFloats", "path": ["monitoring", "c78de979", "gpu_1"], "values": [{"value": 53.0, "step": null, "ts": 1755603772.4968932}]}, "version": 1429, "at": 1755603772.520622}
{"obj": {"type": "LogFloats", "path": ["monitoring", "c78de979", "gpu_2"], "values": [{"value": 26.0, "step": null, "ts": 1755603772.4968932}]}, "version": 1430, "at": 1755603772.5206783}
{"obj": {"type": "LogFloats", "path": ["monitoring", "c78de979", "gpu_memory_0"], "values": [{"value": 5.65789794921875, "step": null, "ts": 1755603772.4968932}]}, "version": 1431, "at": 1755603772.520732}
{"obj": {"type": "LogFloats", "path": ["monitoring", "c78de979", "gpu_memory_1"], "values": [{"value": 15.00164794921875, "step": null, "ts": 1755603772.4968932}]}, "version": 1432, "at": 1755603772.5207813}
{"obj": {"type": "LogFloats", "path": ["monitoring", "c78de979", "gpu_memory_2"], "values": [{"value": 15.32586669921875, "step": null, "ts": 1755603772.4968932}]}, "version": 1433, "at": 1755603772.5208304}
{"obj": {"type": "LogFloats", "path": ["monitoring", "c78de979", "gpu_memory_3"], "values": [{"value": 11.90545654296875, "step": null, "ts": 1755603772.4968932}]}, "version": 1434, "at": 1755603772.5208776}
{"obj": {"type": "LogFloats", "path": ["monitoring", "c78de979", "gpu_memory_4"], "values": [{"value": 8.55242919921875, "step": null, "ts": 1755603772.4968932}]}, "version": 1435, "at": 1755603772.520923}
{"obj": {"type": "LogFloats", "path": ["monitoring", "c78de979", "gpu_memory_5"], "values": [{"value": 33.25946044921875, "step": null, "ts": 1755603772.4968932}]}, "version": 1436, "at": 1755603772.5209715}
{"obj": {"type": "LogFloats", "path": ["monitoring", "c78de979", "gpu_power_0"], "values": [{"value": 64.827, "step": null, "ts": 1755603772.4968932}]}, "version": 1437, "at": 1755603772.5210214}
{"obj": {"type": "LogFloats", "path": ["monitoring", "c78de979", "gpu_power_1"], "values": [{"value": 163.815, "step": null, "ts": 1755603772.4968932}]}, "version": 1438, "at": 1755603772.52107}
{"obj": {"type": "LogFloats", "path": ["monitoring", "c78de979", "gpu_power_2"], "values": [{"value": 85.581, "step": null, "ts": 1755603772.4968932}]}, "version": 1439, "at": 1755603772.5211163}
{"obj": {"type": "LogFloats", "path": ["monitoring", "c78de979", "gpu_power_3"], "values": [{"value": 129.948, "step": null, "ts": 1755603772.4968932}]}, "version": 1440, "at": 1755603772.5211604}
{"obj": {"type": "LogFloats", "path": ["monitoring", "c78de979", "gpu_power_4"], "values": [{"value": 54.624, "step": null, "ts": 1755603772.4968932}]}, "version": 1441, "at": 1755603772.5212064}
{"obj": {"type": "LogFloats", "path": ["monitoring", "c78de979", "gpu_power_5"], "values": [{"value": 17.62, "step": null, "ts": 1755603772.4968932}]}, "version": 1442, "at": 1755603772.5212507}
{"obj": {"type": "LogFloats", "path": ["monitoring", "c78de979", "cpu"], "values": [{"value": 50.3, "step": null, "ts": 1755603782.5214505}]}, "version": 1443, "at": 1755603782.5346613}
{"obj": {"type": "LogFloats", "path": ["monitoring", "c78de979", "memory"], "values": [{"value": 327.4896545410156, "step": null, "ts": 1755603782.5214505}]}, "version": 1444, "at": 1755603782.5349321}
{"obj": {"type": "LogFloats", "path": ["monitoring", "c78de979", "gpu_1"], "values": [{"value": 97.0, "step": null, "ts": 1755603782.5214505}]}, "version": 1445, "at": 1755603782.5350049}
{"obj": {"type": "LogFloats", "path": ["monitoring", "c78de979", "gpu_3"], "values": [{"value": 31.0, "step": null, "ts": 1755603782.5214505}]}, "version": 1446, "at": 1755603782.5350618}
{"obj": {"type": "LogFloats", "path": ["monitoring", "c78de979", "gpu_memory_0"], "values": [{"value": 5.65789794921875, "step": null, "ts": 1755603782.5214505}]}, "version": 1447, "at": 1755603782.5351164}
{"obj": {"type": "LogFloats", "path": ["monitoring", "c78de979", "gpu_memory_1"], "values": [{"value": 15.00164794921875, "step": null, "ts": 1755603782.5214505}]}, "version": 1448, "at": 1755603782.5351737}
{"obj": {"type": "LogFloats", "path": ["monitoring", "c78de979", "gpu_memory_2"], "values": [{"value": 15.32586669921875, "step": null, "ts": 1755603782.5214505}]}, "version": 1449, "at": 1755603782.5352244}
{"obj": {"type": "LogFloats", "path": ["monitoring", "c78de979", "gpu_memory_3"], "values": [{"value": 11.90545654296875, "step": null, "ts": 1755603782.5214505}]}, "version": 1450, "at": 1755603782.535274}
{"obj": {"type": "LogFloats", "path": ["monitoring", "c78de979", "gpu_memory_4"], "values": [{"value": 8.55242919921875, "step": null, "ts": 1755603782.5214505}]}, "version": 1451, "at": 1755603782.5353217}
{"obj": {"type": "LogFloats", "path": ["monitoring", "c78de979", "gpu_memory_5"], "values": [{"value": 33.25946044921875, "step": null, "ts": 1755603782.5214505}]}, "version": 1452, "at": 1755603782.5353692}
{"obj": {"type": "LogFloats", "path": ["monitoring", "c78de979", "gpu_power_0"], "values": [{"value": 64.156, "step": null, "ts": 1755603782.5214505}]}, "version": 1453, "at": 1755603782.535421}
{"obj": {"type": "LogFloats", "path": ["monitoring", "c78de979", "gpu_power_1"], "values": [{"value": 168.461, "step": null, "ts": 1755603782.5214505}]}, "version": 1454, "at": 1755603782.5354683}
{"obj": {"type": "LogFloats", "path": ["monitoring", "c78de979", "gpu_power_2"], "values": [{"value": 94.71, "step": null, "ts": 1755603782.5214505}]}, "version": 1455, "at": 1755603782.5355172}
{"obj": {"type": "LogFloats", "path": ["monitoring", "c78de979", "gpu_power_3"], "values": [{"value": 134.016, "step": null, "ts": 1755603782.5214505}]}, "version": 1456, "at": 1755603782.535565}
{"obj": {"type": "LogFloats", "path": ["monitoring", "c78de979", "gpu_power_4"], "values": [{"value": 54.759, "step": null, "ts": 1755603782.5214505}]}, "version": 1457, "at": 1755603782.5356128}
{"obj": {"type": "LogFloats", "path": ["monitoring", "c78de979", "gpu_power_5"], "values": [{"value": 17.42, "step": null, "ts": 1755603782.5214505}]}, "version": 1458, "at": 1755603782.53566}
{"obj": {"type": "LogFloats", "path": ["monitoring", "c78de979", "cpu"], "values": [{"value": 48.8, "step": null, "ts": 1755603792.5360188}]}, "version": 1459, "at": 1755603792.549697}
{"obj": {"type": "LogFloats", "path": ["monitoring", "c78de979", "memory"], "values": [{"value": 327.56333923339844, "step": null, "ts": 1755603792.5360188}]}, "version": 1460, "at": 1755603792.549948}
{"obj": {"type": "LogFloats", "path": ["monitoring", "c78de979", "gpu_2"], "values": [{"value": 26.0, "step": null, "ts": 1755603792.5360188}]}, "version": 1461, "at": 1755603792.55002}
{"obj": {"type": "LogFloats", "path": ["monitoring", "c78de979", "gpu_3"], "values": [{"value": 43.0, "step": null, "ts": 1755603792.5360188}]}, "version": 1462, "at": 1755603792.5505319}
{"obj": {"type": "LogFloats", "path": ["monitoring", "c78de979", "gpu_memory_0"], "values": [{"value": 5.65789794921875, "step": null, "ts": 1755603792.5360188}]}, "version": 1463, "at": 1755603792.5506408}
{"obj": {"type": "LogFloats", "path": ["monitoring", "c78de979", "gpu_memory_1"], "values": [{"value": 15.00164794921875, "step": null, "ts": 1755603792.5360188}]}, "version": 1464, "at": 1755603792.5507014}
{"obj": {"type": "LogFloats", "path": ["monitoring", "c78de979", "gpu_memory_2"], "values": [{"value": 15.32586669921875, "step": null, "ts": 1755603792.5360188}]}, "version": 1465, "at": 1755603792.550753}
{"obj": {"type": "LogFloats", "path": ["monitoring", "c78de979", "gpu_memory_3"], "values": [{"value": 11.90545654296875, "step": null, "ts": 1755603792.5360188}]}, "version": 1466, "at": 1755603792.5508087}
{"obj": {"type": "LogFloats", "path": ["monitoring", "c78de979", "gpu_memory_4"], "values": [{"value": 8.55242919921875, "step": null, "ts": 1755603792.5360188}]}, "version": 1467, "at": 1755603792.5508587}
{"obj": {"type": "LogFloats", "path": ["monitoring", "c78de979", "gpu_memory_5"], "values": [{"value": 33.25946044921875, "step": null, "ts": 1755603792.5360188}]}, "version": 1468, "at": 1755603792.550911}
{"obj": {"type": "LogFloats", "path": ["monitoring", "c78de979", "gpu_power_0"], "values": [{"value": 64.614, "step": null, "ts": 1755603792.5360188}]}, "version": 1469, "at": 1755603792.5509636}
{"obj": {"type": "LogFloats", "path": ["monitoring", "c78de979", "gpu_power_1"], "values": [{"value": 128.685, "step": null, "ts": 1755603792.5360188}]}, "version": 1470, "at": 1755603792.5510147}
{"obj": {"type": "LogFloats", "path": ["monitoring", "c78de979", "gpu_power_2"], "values": [{"value": 98.613, "step": null, "ts": 1755603792.5360188}]}, "version": 1471, "at": 1755603792.5510619}
{"obj": {"type": "LogFloats", "path": ["monitoring", "c78de979", "gpu_power_3"], "values": [{"value": 127.623, "step": null, "ts": 1755603792.5360188}]}, "version": 1472, "at": 1755603792.5511115}
{"obj": {"type": "LogFloats", "path": ["monitoring", "c78de979", "gpu_power_4"], "values": [{"value": 54.92, "step": null, "ts": 1755603792.5360188}]}, "version": 1473, "at": 1755603792.5511642}
{"obj": {"type": "LogFloats", "path": ["monitoring", "c78de979", "gpu_power_5"], "values": [{"value": 17.306, "step": null, "ts": 1755603792.5360188}]}, "version": 1474, "at": 1755603792.5512135}
{"obj": {"type": "AssignFloat", "path": ["train", "fold_0", "task_loss"], "value": 1.1066764484752307}, "version": 1475, "at": 1755603797.4172232}
{"obj": {"type": "AssignInt", "path": ["train", "fold_0", "epoch"], "value": 6}, "version": 1476, "at": 1755603797.4174855}
{"obj": {"type": "LogStrings", "path": ["monitoring", "c78de979", "stdout"], "values": [{"value": "Val...", "step": null, "ts": 1755603797.4196012}]}, "version": 1477, "at": 1755603797.4197776}
{"obj": {"type": "LogStrings", "path": ["monitoring", "c78de979", "stdout"], "values": [{"value": "\n", "step": null, "ts": 1755603797.4201252}]}, "version": 1478, "at": 1755603797.4201736}
{"obj": {"type": "LogFloats", "path": ["monitoring", "c78de979", "cpu"], "values": [{"value": 48.3, "step": null, "ts": 1755603802.5514033}]}, "version": 1479, "at": 1755603802.5600274}
{"obj": {"type": "LogFloats", "path": ["monitoring", "c78de979", "memory"], "values": [{"value": 327.5288619995117, "step": null, "ts": 1755603802.5514033}]}, "version": 1480, "at": 1755603802.5602498}
{"obj": {"type": "LogFloats", "path": ["monitoring", "c78de979", "gpu_0"], "values": [{"value": 4.0, "step": null, "ts": 1755603802.5514033}]}, "version": 1481, "at": 1755603802.5603316}
{"obj": {"type": "LogFloats", "path": ["monitoring", "c78de979", "gpu_3"], "values": [{"value": 40.0, "step": null, "ts": 1755603802.5514033}]}, "version": 1482, "at": 1755603802.5603943}
{"obj": {"type": "LogFloats", "path": ["monitoring", "c78de979", "gpu_memory_0"], "values": [{"value": 5.65789794921875, "step": null, "ts": 1755603802.5514033}]}, "version": 1483, "at": 1755603802.560457}
{"obj": {"type": "LogFloats", "path": ["monitoring", "c78de979", "gpu_memory_1"], "values": [{"value": 15.00164794921875, "step": null, "ts": 1755603802.5514033}]}, "version": 1484, "at": 1755603802.5605154}
{"obj": {"type": "LogFloats", "path": ["monitoring", "c78de979", "gpu_memory_2"], "values": [{"value": 15.32586669921875, "step": null, "ts": 1755603802.5514033}]}, "version": 1485, "at": 1755603802.560573}
{"obj": {"type": "LogFloats", "path": ["monitoring", "c78de979", "gpu_memory_3"], "values": [{"value": 11.90545654296875, "step": null, "ts": 1755603802.5514033}]}, "version": 1486, "at": 1755603802.5606284}
{"obj": {"type": "LogFloats", "path": ["monitoring", "c78de979", "gpu_memory_4"], "values": [{"value": 8.55242919921875, "step": null, "ts": 1755603802.5514033}]}, "version": 1487, "at": 1755603802.5606823}
{"obj": {"type": "LogFloats", "path": ["monitoring", "c78de979", "gpu_memory_5"], "values": [{"value": 33.25946044921875, "step": null, "ts": 1755603802.5514033}]}, "version": 1488, "at": 1755603802.5607371}
{"obj": {"type": "LogFloats", "path": ["monitoring", "c78de979", "gpu_power_0"], "values": [{"value": 64.788, "step": null, "ts": 1755603802.5514033}]}, "version": 1489, "at": 1755603802.560794}
{"obj": {"type": "LogFloats", "path": ["monitoring", "c78de979", "gpu_power_1"], "values": [{"value": 157.671, "step": null, "ts": 1755603802.5514033}]}, "version": 1490, "at": 1755603802.5608518}
{"obj": {"type": "LogFloats", "path": ["monitoring", "c78de979", "gpu_power_2"], "values": [{"value": 88.478, "step": null, "ts": 1755603802.5514033}]}, "version": 1491, "at": 1755603802.560906}
{"obj": {"type": "LogFloats", "path": ["monitoring", "c78de979", "gpu_power_3"], "values": [{"value": 114.513, "step": null, "ts": 1755603802.5514033}]}, "version": 1492, "at": 1755603802.5609586}
{"obj": {"type": "LogFloats", "path": ["monitoring", "c78de979", "gpu_power_4"], "values": [{"value": 54.67, "step": null, "ts": 1755603802.5514033}]}, "version": 1493, "at": 1755603802.561013}
{"obj": {"type": "LogFloats", "path": ["monitoring", "c78de979", "gpu_power_5"], "values": [{"value": 17.519, "step": null, "ts": 1755603802.5514033}]}, "version": 1494, "at": 1755603802.5610676}
{"obj": {"type": "AssignFloat", "path": ["val", "fold_0", "task_loss"], "value": 1.1308504060934519}, "version": 1495, "at": 1755603805.271409}
{"obj": {"type": "AssignFloat", "path": ["val", "fold_0", "c_index"], "value": 0.6257505003335557}, "version": 1496, "at": 1755603805.2718034}
{"obj": {"type": "AssignFloat", "path": ["val", "fold_0", "ibs"], "value": 0.1608914859843345}, "version": 1497, "at": 1755603805.271863}
{"obj": {"type": "AssignFloat", "path": ["val", "fold_0", "inbll"], "value": 0.5200233310555936}, "version": 1498, "at": 1755603805.2719069}
{"obj": {"type": "AssignFloat", "path": ["val", "fold_0", "cs_score"], "value": 0.7324295071746106}, "version": 1499, "at": 1755603805.2719662}
{"obj": {"type": "AssignInt", "path": ["val", "fold_0", "epoch"], "value": 6}, "version": 1500, "at": 1755603805.2720563}
{"obj": {"type": "LogFloats", "path": ["monitoring", "c78de979", "cpu"], "values": [{"value": 48.9, "step": null, "ts": 1755603812.562055}]}, "version": 1501, "at": 1755603812.581292}
{"obj": {"type": "LogFloats", "path": ["monitoring", "c78de979", "memory"], "values": [{"value": 327.52111053466797, "step": null, "ts": 1755603812.562055}]}, "version": 1502, "at": 1755603812.5835946}
{"obj": {"type": "LogFloats", "path": ["monitoring", "c78de979", "gpu_0"], "values": [{"value": 2.0, "step": null, "ts": 1755603812.562055}]}, "version": 1503, "at": 1755603812.5837438}
{"obj": {"type": "LogFloats", "path": ["monitoring", "c78de979", "gpu_2"], "values": [{"value": 21.0, "step": null, "ts": 1755603812.562055}]}, "version": 1504, "at": 1755603812.58383}
{"obj": {"type": "LogFloats", "path": ["monitoring", "c78de979", "gpu_memory_0"], "values": [{"value": 5.65789794921875, "step": null, "ts": 1755603812.562055}]}, "version": 1505, "at": 1755603812.5838926}
{"obj": {"type": "LogFloats", "path": ["monitoring", "c78de979", "gpu_memory_1"], "values": [{"value": 15.00164794921875, "step": null, "ts": 1755603812.562055}]}, "version": 1506, "at": 1755603812.5839593}
{"obj": {"type": "LogFloats", "path": ["monitoring", "c78de979", "gpu_memory_2"], "values": [{"value": 15.32586669921875, "step": null, "ts": 1755603812.562055}]}, "version": 1507, "at": 1755603812.5840573}
{"obj": {"type": "LogFloats", "path": ["monitoring", "c78de979", "gpu_memory_3"], "values": [{"value": 11.90545654296875, "step": null, "ts": 1755603812.562055}]}, "version": 1508, "at": 1755603812.5841262}
{"obj": {"type": "LogFloats", "path": ["monitoring", "c78de979", "gpu_memory_4"], "values": [{"value": 8.55242919921875, "step": null, "ts": 1755603812.562055}]}, "version": 1509, "at": 1755603812.5841875}
{"obj": {"type": "LogFloats", "path": ["monitoring", "c78de979", "gpu_memory_5"], "values": [{"value": 33.25946044921875, "step": null, "ts": 1755603812.562055}]}, "version": 1510, "at": 1755603812.5842493}
{"obj": {"type": "LogFloats", "path": ["monitoring", "c78de979", "gpu_power_0"], "values": [{"value": 64.727, "step": null, "ts": 1755603812.562055}]}, "version": 1511, "at": 1755603812.584319}
{"obj": {"type": "LogFloats", "path": ["monitoring", "c78de979", "gpu_power_1"], "values": [{"value": 124.207, "step": null, "ts": 1755603812.562055}]}, "version": 1512, "at": 1755603812.5843809}
{"obj": {"type": "LogFloats", "path": ["monitoring", "c78de979", "gpu_power_2"], "values": [{"value": 98.561, "step": null, "ts": 1755603812.562055}]}, "version": 1513, "at": 1755603812.5844402}
{"obj": {"type": "LogFloats", "path": ["monitoring", "c78de979", "gpu_power_3"], "values": [{"value": 93.758, "step": null, "ts": 1755603812.562055}]}, "version": 1514, "at": 1755603812.5845022}
{"obj": {"type": "LogFloats", "path": ["monitoring", "c78de979", "gpu_power_4"], "values": [{"value": 54.691, "step": null, "ts": 1755603812.562055}]}, "version": 1515, "at": 1755603812.5845625}
{"obj": {"type": "LogFloats", "path": ["monitoring", "c78de979", "gpu_power_5"], "values": [{"value": 17.392, "step": null, "ts": 1755603812.562055}]}, "version": 1516, "at": 1755603812.5846205}
{"obj": {"type": "AssignFloat", "path": ["test", "fold_0", "task_loss"], "value": 1.1689743273185962}, "version": 1517, "at": 1755603813.3960938}
{"obj": {"type": "AssignFloat", "path": ["test", "fold_0", "c_index"], "value": 0.6884336320956039}, "version": 1518, "at": 1755603813.3962426}
{"obj": {"type": "AssignFloat", "path": ["test", "fold_0", "ibs"], "value": 0.1734547771993515}, "version": 1519, "at": 1755603813.3962903}
{"obj": {"type": "AssignFloat", "path": ["test", "fold_0", "inbll"], "value": 0.5194850991752739}, "version": 1520, "at": 1755603813.3963256}
{"obj": {"type": "AssignFloat", "path": ["test", "fold_0", "cs_score"], "value": 0.7574894274481262}, "version": 1521, "at": 1755603813.3963568}
{"obj": {"type": "AssignInt", "path": ["test", "fold_0", "epoch"], "value": 6}, "version": 1522, "at": 1755603813.3964102}
{"obj": {"type": "LogStrings", "path": ["monitoring", "c78de979", "stderr"], "values": [{"value": "\r 14%|\u2588\u2588\u2588\u2588\u2588\u2588\u2588\u2588\u2588\u2588\u2588\u2588\u258d                                                                            | 7/50 [05:29<33:06, 46.19s/it]", "step": null, "ts": 1755603813.6352556}]}, "version": 1523, "at": 1755603813.6353335}
{"obj": {"type": "LogStrings", "path": ["monitoring", "c78de979", "stdout"], "values": [{"value": "Train...", "step": null, "ts": 1755603813.6357121}]}, "version": 1524, "at": 1755603813.635773}
{"obj": {"type": "LogStrings", "path": ["monitoring", "c78de979", "stdout"], "values": [{"value": "\n", "step": null, "ts": 1755603813.6364083}]}, "version": 1525, "at": 1755603813.6364508}
{"obj": {"type": "LogFloats", "path": ["monitoring", "c78de979", "cpu"], "values": [{"value": 52.0, "step": null, "ts": 1755603822.584848}]}, "version": 1526, "at": 1755603822.5918968}
{"obj": {"type": "LogFloats", "path": ["monitoring", "c78de979", "memory"], "values": [{"value": 327.67443084716797, "step": null, "ts": 1755603822.584848}]}, "version": 1527, "at": 1755603822.5921683}
{"obj": {"type": "LogFloats", "path": ["monitoring", "c78de979", "gpu_memory_0"], "values": [{"value": 5.65789794921875, "step": null, "ts": 1755603822.584848}]}, "version": 1528, "at": 1755603822.5922384}
{"obj": {"type": "LogFloats", "path": ["monitoring", "c78de979", "gpu_memory_1"], "values": [{"value": 15.00164794921875, "step": null, "ts": 1755603822.584848}]}, "version": 1529, "at": 1755603822.5925398}
{"obj": {"type": "LogFloats", "path": ["monitoring", "c78de979", "gpu_memory_2"], "values": [{"value": 15.32586669921875, "step": null, "ts": 1755603822.584848}]}, "version": 1530, "at": 1755603822.5925965}
{"obj": {"type": "LogFloats", "path": ["monitoring", "c78de979", "gpu_memory_3"], "values": [{"value": 11.90545654296875, "step": null, "ts": 1755603822.584848}]}, "version": 1531, "at": 1755603822.5926461}
{"obj": {"type": "LogFloats", "path": ["monitoring", "c78de979", "gpu_memory_4"], "values": [{"value": 8.55242919921875, "step": null, "ts": 1755603822.584848}]}, "version": 1532, "at": 1755603822.5926952}
{"obj": {"type": "LogFloats", "path": ["monitoring", "c78de979", "gpu_memory_5"], "values": [{"value": 33.25946044921875, "step": null, "ts": 1755603822.584848}]}, "version": 1533, "at": 1755603822.5927436}
{"obj": {"type": "LogFloats", "path": ["monitoring", "c78de979", "gpu_power_0"], "values": [{"value": 64.082, "step": null, "ts": 1755603822.584848}]}, "version": 1534, "at": 1755603822.592797}
{"obj": {"type": "LogFloats", "path": ["monitoring", "c78de979", "gpu_power_1"], "values": [{"value": 145.661, "step": null, "ts": 1755603822.584848}]}, "version": 1535, "at": 1755603822.5928464}
{"obj": {"type": "LogFloats", "path": ["monitoring", "c78de979", "gpu_power_2"], "values": [{"value": 89.679, "step": null, "ts": 1755603822.584848}]}, "version": 1536, "at": 1755603822.592895}
{"obj": {"type": "LogFloats", "path": ["monitoring", "c78de979", "gpu_power_3"], "values": [{"value": 131.384, "step": null, "ts": 1755603822.584848}]}, "version": 1537, "at": 1755603822.5929456}
{"obj": {"type": "LogFloats", "path": ["monitoring", "c78de979", "gpu_power_4"], "values": [{"value": 54.592, "step": null, "ts": 1755603822.584848}]}, "version": 1538, "at": 1755603822.592993}
{"obj": {"type": "LogFloats", "path": ["monitoring", "c78de979", "gpu_power_5"], "values": [{"value": 17.341, "step": null, "ts": 1755603822.584848}]}, "version": 1539, "at": 1755603822.5930448}
{"obj": {"type": "LogFloats", "path": ["monitoring", "c78de979", "cpu"], "values": [{"value": 51.6, "step": null, "ts": 1755603832.5933917}]}, "version": 1540, "at": 1755603832.6252902}
{"obj": {"type": "LogFloats", "path": ["monitoring", "c78de979", "memory"], "values": [{"value": 327.68719482421875, "step": null, "ts": 1755603832.5933917}]}, "version": 1541, "at": 1755603832.6255667}
{"obj": {"type": "LogFloats", "path": ["monitoring", "c78de979", "gpu_1"], "values": [{"value": 56.0, "step": null, "ts": 1755603832.5933917}]}, "version": 1542, "at": 1755603832.62588}
{"obj": {"type": "LogFloats", "path": ["monitoring", "c78de979", "gpu_2"], "values": [{"value": 25.0, "step": null, "ts": 1755603832.5933917}]}, "version": 1543, "at": 1755603832.6259382}
{"obj": {"type": "LogFloats", "path": ["monitoring", "c78de979", "gpu_3"], "values": [{"value": 43.0, "step": null, "ts": 1755603832.5933917}]}, "version": 1544, "at": 1755603832.6259873}
{"obj": {"type": "LogFloats", "path": ["monitoring", "c78de979", "gpu_memory_0"], "values": [{"value": 5.65789794921875, "step": null, "ts": 1755603832.5933917}]}, "version": 1545, "at": 1755603832.626052}
{"obj": {"type": "LogFloats", "path": ["monitoring", "c78de979", "gpu_memory_1"], "values": [{"value": 15.00164794921875, "step": null, "ts": 1755603832.5933917}]}, "version": 1546, "at": 1755603832.6261027}
{"obj": {"type": "LogFloats", "path": ["monitoring", "c78de979", "gpu_memory_2"], "values": [{"value": 15.32586669921875, "step": null, "ts": 1755603832.5933917}]}, "version": 1547, "at": 1755603832.6261494}
{"obj": {"type": "LogFloats", "path": ["monitoring", "c78de979", "gpu_memory_3"], "values": [{"value": 11.90545654296875, "step": null, "ts": 1755603832.5933917}]}, "version": 1548, "at": 1755603832.6262171}
{"obj": {"type": "LogFloats", "path": ["monitoring", "c78de979", "gpu_memory_4"], "values": [{"value": 8.55242919921875, "step": null, "ts": 1755603832.5933917}]}, "version": 1549, "at": 1755603832.626286}
{"obj": {"type": "LogFloats", "path": ["monitoring", "c78de979", "gpu_memory_5"], "values": [{"value": 33.25946044921875, "step": null, "ts": 1755603832.5933917}]}, "version": 1550, "at": 1755603832.6263506}
{"obj": {"type": "LogFloats", "path": ["monitoring", "c78de979", "gpu_power_0"], "values": [{"value": 64.358, "step": null, "ts": 1755603832.5933917}]}, "version": 1551, "at": 1755603832.6264145}
{"obj": {"type": "LogFloats", "path": ["monitoring", "c78de979", "gpu_power_1"], "values": [{"value": 148.961, "step": null, "ts": 1755603832.5933917}]}, "version": 1552, "at": 1755603832.62651}
{"obj": {"type": "LogFloats", "path": ["monitoring", "c78de979", "gpu_power_2"], "values": [{"value": 93.822, "step": null, "ts": 1755603832.5933917}]}, "version": 1553, "at": 1755603832.6265898}
{"obj": {"type": "LogFloats", "path": ["monitoring", "c78de979", "gpu_power_3"], "values": [{"value": 127.806, "step": null, "ts": 1755603832.5933917}]}, "version": 1554, "at": 1755603832.6266367}
{"obj": {"type": "LogFloats", "path": ["monitoring", "c78de979", "gpu_power_4"], "values": [{"value": 54.511, "step": null, "ts": 1755603832.5933917}]}, "version": 1555, "at": 1755603832.626684}
{"obj": {"type": "LogFloats", "path": ["monitoring", "c78de979", "gpu_power_5"], "values": [{"value": 17.498, "step": null, "ts": 1755603832.5933917}]}, "version": 1556, "at": 1755603832.6267304}
{"obj": {"type": "AssignFloat", "path": ["train", "fold_0", "task_loss"], "value": 1.0809169249101118}, "version": 1557, "at": 1755603841.6944816}
{"obj": {"type": "AssignInt", "path": ["train", "fold_0", "epoch"], "value": 7}, "version": 1558, "at": 1755603841.6947374}
{"obj": {"type": "LogStrings", "path": ["monitoring", "c78de979", "stdout"], "values": [{"value": "Val...", "step": null, "ts": 1755603841.6990063}]}, "version": 1559, "at": 1755603841.6991856}
{"obj": {"type": "LogStrings", "path": ["monitoring", "c78de979", "stdout"], "values": [{"value": "\n", "step": null, "ts": 1755603841.699548}]}, "version": 1560, "at": 1755603841.699595}
{"obj": {"type": "LogFloats", "path": ["monitoring", "c78de979", "cpu"], "values": [{"value": 49.7, "step": null, "ts": 1755603842.6269355}]}, "version": 1561, "at": 1755603842.6469388}
{"obj": {"type": "LogFloats", "path": ["monitoring", "c78de979", "memory"], "values": [{"value": 327.68511962890625, "step": null, "ts": 1755603842.6269355}]}, "version": 1562, "at": 1755603842.6471162}
{"obj": {"type": "LogFloats", "path": ["monitoring", "c78de979", "gpu_0"], "values": [{"value": 3.0, "step": null, "ts": 1755603842.6269355}]}, "version": 1563, "at": 1755603842.6471968}
{"obj": {"type": "LogFloats", "path": ["monitoring", "c78de979", "gpu_1"], "values": [{"value": 24.0, "step": null, "ts": 1755603842.6269355}]}, "version": 1564, "at": 1755603842.6472638}
{"obj": {"type": "LogFloats", "path": ["monitoring", "c78de979", "gpu_3"], "values": [{"value": 42.0, "step": null, "ts": 1755603842.6269355}]}, "version": 1565, "at": 1755603842.6473277}
{"obj": {"type": "LogFloats", "path": ["monitoring", "c78de979", "gpu_memory_0"], "values": [{"value": 5.65789794921875, "step": null, "ts": 1755603842.6269355}]}, "version": 1566, "at": 1755603842.6473937}
{"obj": {"type": "LogFloats", "path": ["monitoring", "c78de979", "gpu_memory_1"], "values": [{"value": 15.00164794921875, "step": null, "ts": 1755603842.6269355}]}, "version": 1567, "at": 1755603842.6474555}
{"obj": {"type": "LogFloats", "path": ["monitoring", "c78de979", "gpu_memory_2"], "values": [{"value": 15.32586669921875, "step": null, "ts": 1755603842.6269355}]}, "version": 1568, "at": 1755603842.6475124}
{"obj": {"type": "LogFloats", "path": ["monitoring", "c78de979", "gpu_memory_3"], "values": [{"value": 11.90545654296875, "step": null, "ts": 1755603842.6269355}]}, "version": 1569, "at": 1755603842.6475668}
{"obj": {"type": "LogFloats", "path": ["monitoring", "c78de979", "gpu_memory_4"], "values": [{"value": 8.55242919921875, "step": null, "ts": 1755603842.6269355}]}, "version": 1570, "at": 1755603842.647623}
{"obj": {"type": "LogFloats", "path": ["monitoring", "c78de979", "gpu_memory_5"], "values": [{"value": 33.25946044921875, "step": null, "ts": 1755603842.6269355}]}, "version": 1571, "at": 1755603842.6476772}
{"obj": {"type": "LogFloats", "path": ["monitoring", "c78de979", "gpu_power_0"], "values": [{"value": 66.118, "step": null, "ts": 1755603842.6269355}]}, "version": 1572, "at": 1755603842.6477354}
{"obj": {"type": "LogFloats", "path": ["monitoring", "c78de979", "gpu_power_1"], "values": [{"value": 165.03, "step": null, "ts": 1755603842.6269355}]}, "version": 1573, "at": 1755603842.6477919}
{"obj": {"type": "LogFloats", "path": ["monitoring", "c78de979", "gpu_power_2"], "values": [{"value": 87.144, "step": null, "ts": 1755603842.6269355}]}, "version": 1574, "at": 1755603842.6478505}
{"obj": {"type": "LogFloats", "path": ["monitoring", "c78de979", "gpu_power_3"], "values": [{"value": 99.568, "step": null, "ts": 1755603842.6269355}]}, "version": 1575, "at": 1755603842.6479068}
{"obj": {"type": "LogFloats", "path": ["monitoring", "c78de979", "gpu_power_4"], "values": [{"value": 54.394, "step": null, "ts": 1755603842.6269355}]}, "version": 1576, "at": 1755603842.6479616}
{"obj": {"type": "LogFloats", "path": ["monitoring", "c78de979", "gpu_power_5"], "values": [{"value": 17.452, "step": null, "ts": 1755603842.6269355}]}, "version": 1577, "at": 1755603842.6480184}
{"obj": {"type": "AssignFloat", "path": ["val", "fold_0", "task_loss"], "value": 1.1394298058429748}, "version": 1578, "at": 1755603849.4155526}
{"obj": {"type": "AssignFloat", "path": ["val", "fold_0", "c_index"], "value": 0.5832777407160329}, "version": 1579, "at": 1755603849.4158666}
{"obj": {"type": "AssignFloat", "path": ["val", "fold_0", "ibs"], "value": 0.15187477063392002}, "version": 1580, "at": 1755603849.4159336}
{"obj": {"type": "AssignFloat", "path": ["val", "fold_0", "inbll"], "value": 0.46778727292672617}, "version": 1581, "at": 1755603849.4159791}
{"obj": {"type": "AssignFloat", "path": ["val", "fold_0", "cs_score"], "value": 0.7157014850410564}, "version": 1582, "at": 1755603849.4160345}
{"obj": {"type": "AssignInt", "path": ["val", "fold_0", "epoch"], "value": 7}, "version": 1583, "at": 1755603849.4161005}
{"obj": {"type": "LogFloats", "path": ["monitoring", "c78de979", "cpu"], "values": [{"value": 50.5, "step": null, "ts": 1755603852.6481957}]}, "version": 1584, "at": 1755603852.670011}
{"obj": {"type": "LogFloats", "path": ["monitoring", "c78de979", "memory"], "values": [{"value": 327.77262115478516, "step": null, "ts": 1755603852.6481957}]}, "version": 1585, "at": 1755603852.6702654}
{"obj": {"type": "LogFloats", "path": ["monitoring", "c78de979", "gpu_0"], "values": [{"value": 3.0, "step": null, "ts": 1755603852.6481957}]}, "version": 1586, "at": 1755603852.6703532}
{"obj": {"type": "LogFloats", "path": ["monitoring", "c78de979", "gpu_1"], "values": [{"value": 66.0, "step": null, "ts": 1755603852.6481957}]}, "version": 1587, "at": 1755603852.6704574}
{"obj": {"type": "LogFloats", "path": ["monitoring", "c78de979", "gpu_2"], "values": [{"value": 21.0, "step": null, "ts": 1755603852.6481957}]}, "version": 1588, "at": 1755603852.6705172}
{"obj": {"type": "LogFloats", "path": ["monitoring", "c78de979", "gpu_3"], "values": [{"value": 44.0, "step": null, "ts": 1755603852.6481957}]}, "version": 1589, "at": 1755603852.6705728}
{"obj": {"type": "LogFloats", "path": ["monitoring", "c78de979", "gpu_memory_0"], "values": [{"value": 5.65789794921875, "step": null, "ts": 1755603852.6481957}]}, "version": 1590, "at": 1755603852.6706297}
{"obj": {"type": "LogFloats", "path": ["monitoring", "c78de979", "gpu_memory_1"], "values": [{"value": 15.00164794921875, "step": null, "ts": 1755603852.6481957}]}, "version": 1591, "at": 1755603852.6706839}
{"obj": {"type": "LogFloats", "path": ["monitoring", "c78de979", "gpu_memory_2"], "values": [{"value": 15.32586669921875, "step": null, "ts": 1755603852.6481957}]}, "version": 1592, "at": 1755603852.6707358}
{"obj": {"type": "LogFloats", "path": ["monitoring", "c78de979", "gpu_memory_3"], "values": [{"value": 11.90545654296875, "step": null, "ts": 1755603852.6481957}]}, "version": 1593, "at": 1755603852.6707942}
{"obj": {"type": "LogFloats", "path": ["monitoring", "c78de979", "gpu_memory_4"], "values": [{"value": 8.55242919921875, "step": null, "ts": 1755603852.6481957}]}, "version": 1594, "at": 1755603852.6708498}
{"obj": {"type": "LogFloats", "path": ["monitoring", "c78de979", "gpu_memory_5"], "values": [{"value": 33.25946044921875, "step": null, "ts": 1755603852.6481957}]}, "version": 1595, "at": 1755603852.6708984}
{"obj": {"type": "LogFloats", "path": ["monitoring", "c78de979", "gpu_power_0"], "values": [{"value": 64.477, "step": null, "ts": 1755603852.6481957}]}, "version": 1596, "at": 1755603852.670952}
{"obj": {"type": "LogFloats", "path": ["monitoring", "c78de979", "gpu_power_1"], "values": [{"value": 173.499, "step": null, "ts": 1755603852.6481957}]}, "version": 1597, "at": 1755603852.6710086}
{"obj": {"type": "LogFloats", "path": ["monitoring", "c78de979", "gpu_power_2"], "values": [{"value": 98.719, "step": null, "ts": 1755603852.6481957}]}, "version": 1598, "at": 1755603852.671062}
{"obj": {"type": "LogFloats", "path": ["monitoring", "c78de979", "gpu_power_3"], "values": [{"value": 113.521, "step": null, "ts": 1755603852.6481957}]}, "version": 1599, "at": 1755603852.6711135}
{"obj": {"type": "LogFloats", "path": ["monitoring", "c78de979", "gpu_power_4"], "values": [{"value": 54.28, "step": null, "ts": 1755603852.6481957}]}, "version": 1600, "at": 1755603852.671167}
{"obj": {"type": "LogFloats", "path": ["monitoring", "c78de979", "gpu_power_5"], "values": [{"value": 17.468, "step": null, "ts": 1755603852.6481957}]}, "version": 1601, "at": 1755603852.6712182}
{"obj": {"type": "AssignFloat", "path": ["test", "fold_0", "task_loss"], "value": 1.1819752779873935}, "version": 1602, "at": 1755603857.1908073}
{"obj": {"type": "AssignFloat", "path": ["test", "fold_0", "c_index"], "value": 0.596244131455399}, "version": 1603, "at": 1755603857.191058}
{"obj": {"type": "AssignFloat", "path": ["test", "fold_0", "ibs"], "value": 0.1778287956832312}, "version": 1604, "at": 1755603857.1911204}
{"obj": {"type": "AssignFloat", "path": ["test", "fold_0", "inbll"], "value": 0.5313607299445071}, "version": 1605, "at": 1755603857.1911695}
{"obj": {"type": "AssignFloat", "path": ["test", "fold_0", "cs_score"], "value": 0.7092076678860839}, "version": 1606, "at": 1755603857.1912098}
{"obj": {"type": "AssignInt", "path": ["test", "fold_0", "epoch"], "value": 7}, "version": 1607, "at": 1755603857.1912699}
{"obj": {"type": "LogStrings", "path": ["monitoring", "c78de979", "stderr"], "values": [{"value": "\r 16%|\u2588\u2588\u2588\u2588\u2588\u2588\u2588\u2588\u2588\u2588\u2588\u2588\u2588\u2588\u258f                                                                          | 8/50 [06:13<31:48, 45.44s/it]", "step": null, "ts": 1755603857.453104}]}, "version": 1608, "at": 1755603857.4531965}
{"obj": {"type": "LogStrings", "path": ["monitoring", "c78de979", "stdout"], "values": [{"value": "Train...", "step": null, "ts": 1755603857.4536657}]}, "version": 1609, "at": 1755603857.4537146}
{"obj": {"type": "LogStrings", "path": ["monitoring", "c78de979", "stdout"], "values": [{"value": "\n", "step": null, "ts": 1755603857.455648}]}, "version": 1610, "at": 1755603857.4556665}
{"obj": {"type": "LogFloats", "path": ["monitoring", "c78de979", "cpu"], "values": [{"value": 50.8, "step": null, "ts": 1755603862.6719575}]}, "version": 1611, "at": 1755603862.6837018}
{"obj": {"type": "LogFloats", "path": ["monitoring", "c78de979", "memory"], "values": [{"value": 327.86817932128906, "step": null, "ts": 1755603862.6719575}]}, "version": 1612, "at": 1755603862.6839566}
{"obj": {"type": "LogFloats", "path": ["monitoring", "c78de979", "gpu_0"], "values": [{"value": 7.0, "step": null, "ts": 1755603862.6719575}]}, "version": 1613, "at": 1755603862.6840336}
{"obj": {"type": "LogFloats", "path": ["monitoring", "c78de979", "gpu_3"], "values": [{"value": 47.0, "step": null, "ts": 1755603862.6719575}]}, "version": 1614, "at": 1755603862.684094}
{"obj": {"type": "LogFloats", "path": ["monitoring", "c78de979", "gpu_memory_0"], "values": [{"value": 5.65789794921875, "step": null, "ts": 1755603862.6719575}]}, "version": 1615, "at": 1755603862.684154}
{"obj": {"type": "LogFloats", "path": ["monitoring", "c78de979", "gpu_memory_1"], "values": [{"value": 15.00164794921875, "step": null, "ts": 1755603862.6719575}]}, "version": 1616, "at": 1755603862.6842086}
{"obj": {"type": "LogFloats", "path": ["monitoring", "c78de979", "gpu_memory_2"], "values": [{"value": 15.32586669921875, "step": null, "ts": 1755603862.6719575}]}, "version": 1617, "at": 1755603862.6842592}
{"obj": {"type": "LogFloats", "path": ["monitoring", "c78de979", "gpu_memory_3"], "values": [{"value": 11.90545654296875, "step": null, "ts": 1755603862.6719575}]}, "version": 1618, "at": 1755603862.6843092}
{"obj": {"type": "LogFloats", "path": ["monitoring", "c78de979", "gpu_memory_4"], "values": [{"value": 8.55242919921875, "step": null, "ts": 1755603862.6719575}]}, "version": 1619, "at": 1755603862.6843584}
{"obj": {"type": "LogFloats", "path": ["monitoring", "c78de979", "gpu_memory_5"], "values": [{"value": 33.25946044921875, "step": null, "ts": 1755603862.6719575}]}, "version": 1620, "at": 1755603862.6844125}
{"obj": {"type": "LogFloats", "path": ["monitoring", "c78de979", "gpu_power_0"], "values": [{"value": 64.888, "step": null, "ts": 1755603862.6719575}]}, "version": 1621, "at": 1755603862.6844673}
{"obj": {"type": "LogFloats", "path": ["monitoring", "c78de979", "gpu_power_1"], "values": [{"value": 159.794, "step": null, "ts": 1755603862.6719575}]}, "version": 1622, "at": 1755603862.684516}
{"obj": {"type": "LogFloats", "path": ["monitoring", "c78de979", "gpu_power_2"], "values": [{"value": 81.078, "step": null, "ts": 1755603862.6719575}]}, "version": 1623, "at": 1755603862.6845686}
{"obj": {"type": "LogFloats", "path": ["monitoring", "c78de979", "gpu_power_3"], "values": [{"value": 101.137, "step": null, "ts": 1755603862.6719575}]}, "version": 1624, "at": 1755603862.6846201}
{"obj": {"type": "LogFloats", "path": ["monitoring", "c78de979", "gpu_power_4"], "values": [{"value": 54.496, "step": null, "ts": 1755603862.6719575}]}, "version": 1625, "at": 1755603862.6846733}
{"obj": {"type": "LogFloats", "path": ["monitoring", "c78de979", "gpu_power_5"], "values": [{"value": 17.25, "step": null, "ts": 1755603862.6719575}]}, "version": 1626, "at": 1755603862.6847198}
{"obj": {"type": "LogFloats", "path": ["monitoring", "c78de979", "cpu"], "values": [{"value": 52.6, "step": null, "ts": 1755603872.6850445}]}, "version": 1627, "at": 1755603872.69415}
{"obj": {"type": "LogFloats", "path": ["monitoring", "c78de979", "memory"], "values": [{"value": 327.86368560791016, "step": null, "ts": 1755603872.6850445}]}, "version": 1628, "at": 1755603872.6943803}
{"obj": {"type": "LogFloats", "path": ["monitoring", "c78de979", "gpu_1"], "values": [{"value": 31.0, "step": null, "ts": 1755603872.6850445}]}, "version": 1629, "at": 1755603872.6944437}
{"obj": {"type": "LogFloats", "path": ["monitoring", "c78de979", "gpu_2"], "values": [{"value": 24.0, "step": null, "ts": 1755603872.6850445}]}, "version": 1630, "at": 1755603872.6944942}
{"obj": {"type": "LogFloats", "path": ["monitoring", "c78de979", "gpu_3"], "values": [{"value": 39.0, "step": null, "ts": 1755603872.6850445}]}, "version": 1631, "at": 1755603872.6945436}
{"obj": {"type": "LogFloats", "path": ["monitoring", "c78de979", "gpu_memory_0"], "values": [{"value": 5.65789794921875, "step": null, "ts": 1755603872.6850445}]}, "version": 1632, "at": 1755603872.6945927}
{"obj": {"type": "LogFloats", "path": ["monitoring", "c78de979", "gpu_memory_1"], "values": [{"value": 15.00164794921875, "step": null, "ts": 1755603872.6850445}]}, "version": 1633, "at": 1755603872.69464}
{"obj": {"type": "LogFloats", "path": ["monitoring", "c78de979", "gpu_memory_2"], "values": [{"value": 15.32586669921875, "step": null, "ts": 1755603872.6850445}]}, "version": 1634, "at": 1755603872.6946855}
{"obj": {"type": "LogFloats", "path": ["monitoring", "c78de979", "gpu_memory_3"], "values": [{"value": 11.90545654296875, "step": null, "ts": 1755603872.6850445}]}, "version": 1635, "at": 1755603872.6947303}
{"obj": {"type": "LogFloats", "path": ["monitoring", "c78de979", "gpu_memory_4"], "values": [{"value": 8.55242919921875, "step": null, "ts": 1755603872.6850445}]}, "version": 1636, "at": 1755603872.694776}
{"obj": {"type": "LogFloats", "path": ["monitoring", "c78de979", "gpu_memory_5"], "values": [{"value": 33.25946044921875, "step": null, "ts": 1755603872.6850445}]}, "version": 1637, "at": 1755603872.6948185}
{"obj": {"type": "LogFloats", "path": ["monitoring", "c78de979", "gpu_power_0"], "values": [{"value": 64.774, "step": null, "ts": 1755603872.6850445}]}, "version": 1638, "at": 1755603872.694867}
{"obj": {"type": "LogFloats", "path": ["monitoring", "c78de979", "gpu_power_1"], "values": [{"value": 159.691, "step": null, "ts": 1755603872.6850445}]}, "version": 1639, "at": 1755603872.6949115}
{"obj": {"type": "LogFloats", "path": ["monitoring", "c78de979", "gpu_power_2"], "values": [{"value": 95.824, "step": null, "ts": 1755603872.6850445}]}, "version": 1640, "at": 1755603872.6949558}
{"obj": {"type": "LogFloats", "path": ["monitoring", "c78de979", "gpu_power_3"], "values": [{"value": 100.849, "step": null, "ts": 1755603872.6850445}]}, "version": 1641, "at": 1755603872.695003}
{"obj": {"type": "LogFloats", "path": ["monitoring", "c78de979", "gpu_power_4"], "values": [{"value": 54.151, "step": null, "ts": 1755603872.6850445}]}, "version": 1642, "at": 1755603872.6950479}
{"obj": {"type": "LogFloats", "path": ["monitoring", "c78de979", "gpu_power_5"], "values": [{"value": 17.482, "step": null, "ts": 1755603872.6850445}]}, "version": 1643, "at": 1755603872.6950903}
{"obj": {"type": "LogFloats", "path": ["monitoring", "c78de979", "cpu"], "values": [{"value": 54.8, "step": null, "ts": 1755603882.6971643}]}, "version": 1644, "at": 1755603882.7134326}
{"obj": {"type": "LogFloats", "path": ["monitoring", "c78de979", "memory"], "values": [{"value": 328.03734970092773, "step": null, "ts": 1755603882.6971643}]}, "version": 1645, "at": 1755603882.713676}
{"obj": {"type": "LogFloats", "path": ["monitoring", "c78de979", "gpu_1"], "values": [{"value": 39.0, "step": null, "ts": 1755603882.6971643}]}, "version": 1646, "at": 1755603882.713749}
{"obj": {"type": "LogFloats", "path": ["monitoring", "c78de979", "gpu_memory_0"], "values": [{"value": 5.65789794921875, "step": null, "ts": 1755603882.6971643}]}, "version": 1647, "at": 1755603882.7138104}
{"obj": {"type": "LogFloats", "path": ["monitoring", "c78de979", "gpu_memory_1"], "values": [{"value": 15.00164794921875, "step": null, "ts": 1755603882.6971643}]}, "version": 1648, "at": 1755603882.713867}
{"obj": {"type": "LogFloats", "path": ["monitoring", "c78de979", "gpu_memory_2"], "values": [{"value": 15.32586669921875, "step": null, "ts": 1755603882.6971643}]}, "version": 1649, "at": 1755603882.7139177}
{"obj": {"type": "LogFloats", "path": ["monitoring", "c78de979", "gpu_memory_3"], "values": [{"value": 11.90545654296875, "step": null, "ts": 1755603882.6971643}]}, "version": 1650, "at": 1755603882.7139702}
{"obj": {"type": "LogFloats", "path": ["monitoring", "c78de979", "gpu_memory_4"], "values": [{"value": 8.55242919921875, "step": null, "ts": 1755603882.6971643}]}, "version": 1651, "at": 1755603882.714019}
{"obj": {"type": "LogFloats", "path": ["monitoring", "c78de979", "gpu_memory_5"], "values": [{"value": 33.25946044921875, "step": null, "ts": 1755603882.6971643}]}, "version": 1652, "at": 1755603882.7140646}
{"obj": {"type": "LogFloats", "path": ["monitoring", "c78de979", "gpu_power_0"], "values": [{"value": 64.825, "step": null, "ts": 1755603882.6971643}]}, "version": 1653, "at": 1755603882.7141197}
{"obj": {"type": "LogFloats", "path": ["monitoring", "c78de979", "gpu_power_1"], "values": [{"value": 170.853, "step": null, "ts": 1755603882.6971643}]}, "version": 1654, "at": 1755603882.7141724}
{"obj": {"type": "LogFloats", "path": ["monitoring", "c78de979", "gpu_power_2"], "values": [{"value": 89.319, "step": null, "ts": 1755603882.6971643}]}, "version": 1655, "at": 1755603882.7142322}
{"obj": {"type": "LogFloats", "path": ["monitoring", "c78de979", "gpu_power_3"], "values": [{"value": 115.518, "step": null, "ts": 1755603882.6971643}]}, "version": 1656, "at": 1755603882.7142808}
{"obj": {"type": "LogFloats", "path": ["monitoring", "c78de979", "gpu_power_4"], "values": [{"value": 54.491, "step": null, "ts": 1755603882.6971643}]}, "version": 1657, "at": 1755603882.7143292}
{"obj": {"type": "LogFloats", "path": ["monitoring", "c78de979", "gpu_power_5"], "values": [{"value": 17.202, "step": null, "ts": 1755603882.6971643}]}, "version": 1658, "at": 1755603882.7143843}
{"obj": {"type": "AssignFloat", "path": ["train", "fold_0", "task_loss"], "value": 1.0758812644264915}, "version": 1659, "at": 1755603885.3754182}
{"obj": {"type": "AssignInt", "path": ["train", "fold_0", "epoch"], "value": 8}, "version": 1660, "at": 1755603885.3757255}
{"obj": {"type": "LogStrings", "path": ["monitoring", "c78de979", "stdout"], "values": [{"value": "Val...", "step": null, "ts": 1755603885.3779476}]}, "version": 1661, "at": 1755603885.378026}
{"obj": {"type": "LogStrings", "path": ["monitoring", "c78de979", "stdout"], "values": [{"value": "\n", "step": null, "ts": 1755603885.378251}]}, "version": 1662, "at": 1755603885.3782663}
{"obj": {"type": "LogFloats", "path": ["monitoring", "c78de979", "cpu"], "values": [{"value": 55.9, "step": null, "ts": 1755603892.7146053}]}, "version": 1663, "at": 1755603892.723128}
{"obj": {"type": "LogFloats", "path": ["monitoring", "c78de979", "memory"], "values": [{"value": 327.75969314575195, "step": null, "ts": 1755603892.7146053}]}, "version": 1664, "at": 1755603892.7234533}
{"obj": {"type": "LogFloats", "path": ["monitoring", "c78de979", "gpu_0"], "values": [{"value": 4.0, "step": null, "ts": 1755603892.7146053}]}, "version": 1665, "at": 1755603892.7235713}
{"obj": {"type": "LogFloats", "path": ["monitoring", "c78de979", "gpu_1"], "values": [{"value": 60.0, "step": null, "ts": 1755603892.7146053}]}, "version": 1666, "at": 1755603892.7237225}
{"obj": {"type": "LogFloats", "path": ["monitoring", "c78de979", "gpu_2"], "values": [{"value": 25.0, "step": null, "ts": 1755603892.7146053}]}, "version": 1667, "at": 1755603892.7237895}
{"obj": {"type": "LogFloats", "path": ["monitoring", "c78de979", "gpu_3"], "values": [{"value": 43.0, "step": null, "ts": 1755603892.7146053}]}, "version": 1668, "at": 1755603892.7238736}
{"obj": {"type": "LogFloats", "path": ["monitoring", "c78de979", "gpu_memory_0"], "values": [{"value": 5.65789794921875, "step": null, "ts": 1755603892.7146053}]}, "version": 1669, "at": 1755603892.7239394}
{"obj": {"type": "LogFloats", "path": ["monitoring", "c78de979", "gpu_memory_1"], "values": [{"value": 15.00164794921875, "step": null, "ts": 1755603892.7146053}]}, "version": 1670, "at": 1755603892.724022}
{"obj": {"type": "LogFloats", "path": ["monitoring", "c78de979", "gpu_memory_2"], "values": [{"value": 15.32586669921875, "step": null, "ts": 1755603892.7146053}]}, "version": 1671, "at": 1755603892.72411}
{"obj": {"type": "LogFloats", "path": ["monitoring", "c78de979", "gpu_memory_3"], "values": [{"value": 11.90545654296875, "step": null, "ts": 1755603892.7146053}]}, "version": 1672, "at": 1755603892.7241971}
{"obj": {"type": "LogFloats", "path": ["monitoring", "c78de979", "gpu_memory_4"], "values": [{"value": 8.55242919921875, "step": null, "ts": 1755603892.7146053}]}, "version": 1673, "at": 1755603892.7242908}
{"obj": {"type": "LogFloats", "path": ["monitoring", "c78de979", "gpu_memory_5"], "values": [{"value": 33.25946044921875, "step": null, "ts": 1755603892.7146053}]}, "version": 1674, "at": 1755603892.7243767}
{"obj": {"type": "LogFloats", "path": ["monitoring", "c78de979", "gpu_power_0"], "values": [{"value": 65.031, "step": null, "ts": 1755603892.7146053}]}, "version": 1675, "at": 1755603892.7244549}
{"obj": {"type": "LogFloats", "path": ["monitoring", "c78de979", "gpu_power_1"], "values": [{"value": 168.23, "step": null, "ts": 1755603892.7146053}]}, "version": 1676, "at": 1755603892.7245574}
{"obj": {"type": "LogFloats", "path": ["monitoring", "c78de979", "gpu_power_2"], "values": [{"value": 98.162, "step": null, "ts": 1755603892.7146053}]}, "version": 1677, "at": 1755603892.7246308}
{"obj": {"type": "LogFloats", "path": ["monitoring", "c78de979", "gpu_power_3"], "values": [{"value": 133.002, "step": null, "ts": 1755603892.7146053}]}, "version": 1678, "at": 1755603892.7247021}
{"obj": {"type": "LogFloats", "path": ["monitoring", "c78de979", "gpu_power_4"], "values": [{"value": 54.194, "step": null, "ts": 1755603892.7146053}]}, "version": 1679, "at": 1755603892.7247577}
{"obj": {"type": "LogFloats", "path": ["monitoring", "c78de979", "gpu_power_5"], "values": [{"value": 17.394, "step": null, "ts": 1755603892.7146053}]}, "version": 1680, "at": 1755603892.724854}
{"obj": {"type": "AssignFloat", "path": ["val", "fold_0", "task_loss"], "value": 1.1400792944522304}, "version": 1681, "at": 1755603893.6338637}
{"obj": {"type": "AssignFloat", "path": ["val", "fold_0", "c_index"], "value": 0.590393595730487}, "version": 1682, "at": 1755603893.63404}
{"obj": {"type": "AssignFloat", "path": ["val", "fold_0", "ibs"], "value": 0.15176995967450813}, "version": 1683, "at": 1755603893.6341045}
{"obj": {"type": "AssignFloat", "path": ["val", "fold_0", "inbll"], "value": 0.4806068210172358}, "version": 1684, "at": 1755603893.6341457}
{"obj": {"type": "AssignFloat", "path": ["val", "fold_0", "cs_score"], "value": 0.7193118180279894}, "version": 1685, "at": 1755603893.6342096}
{"obj": {"type": "AssignInt", "path": ["val", "fold_0", "epoch"], "value": 8}, "version": 1686, "at": 1755603893.6342812}
{"obj": {"type": "AssignFloat", "path": ["test", "fold_0", "task_loss"], "value": 1.1659377126982717}, "version": 1687, "at": 1755603901.6408284}
{"obj": {"type": "AssignFloat", "path": ["test", "fold_0", "c_index"], "value": 0.6173708920187794}, "version": 1688, "at": 1755603901.6410706}
{"obj": {"type": "AssignFloat", "path": ["test", "fold_0", "ibs"], "value": 0.17498637467602454}, "version": 1689, "at": 1755603901.6411195}
{"obj": {"type": "AssignFloat", "path": ["test", "fold_0", "inbll"], "value": 0.5302550693163298}, "version": 1690, "at": 1755603901.6411602}
{"obj": {"type": "AssignFloat", "path": ["test", "fold_0", "cs_score"], "value": 0.7211922586713775}, "version": 1691, "at": 1755603901.6411967}
{"obj": {"type": "AssignInt", "path": ["test", "fold_0", "epoch"], "value": 8}, "version": 1692, "at": 1755603901.6412516}
{"obj": {"type": "LogStrings", "path": ["monitoring", "c78de979", "stderr"], "values": [{"value": "\r 18%|\u2588\u2588\u2588\u2588\u2588\u2588\u2588\u2588\u2588\u2588\u2588\u2588\u2588\u2588\u2588\u2588                                                                         | 9/50 [06:58<30:50, 45.12s/it]", "step": null, "ts": 1755603901.8937907}]}, "version": 1693, "at": 1755603901.8939817}
{"obj": {"type": "LogStrings", "path": ["monitoring", "c78de979", "stdout"], "values": [{"value": "Train...", "step": null, "ts": 1755603901.8945384}]}, "version": 1694, "at": 1755603901.8945785}
{"obj": {"type": "LogStrings", "path": ["monitoring", "c78de979", "stdout"], "values": [{"value": "\n", "step": null, "ts": 1755603901.8950644}]}, "version": 1695, "at": 1755603901.8950863}
{"obj": {"type": "LogFloats", "path": ["monitoring", "c78de979", "cpu"], "values": [{"value": 52.7, "step": null, "ts": 1755603902.7250755}]}, "version": 1696, "at": 1755603902.7409008}
{"obj": {"type": "LogFloats", "path": ["monitoring", "c78de979", "memory"], "values": [{"value": 327.8782958984375, "step": null, "ts": 1755603902.7250755}]}, "version": 1697, "at": 1755603902.7410822}
{"obj": {"type": "LogFloats", "path": ["monitoring", "c78de979", "gpu_1"], "values": [{"value": 1.0, "step": null, "ts": 1755603902.7250755}]}, "version": 1698, "at": 1755603902.7411623}
{"obj": {"type": "LogFloats", "path": ["monitoring", "c78de979", "gpu_3"], "values": [{"value": 42.0, "step": null, "ts": 1755603902.7250755}]}, "version": 1699, "at": 1755603902.7412267}
{"obj": {"type": "LogFloats", "path": ["monitoring", "c78de979", "gpu_memory_0"], "values": [{"value": 5.65789794921875, "step": null, "ts": 1755603902.7250755}]}, "version": 1700, "at": 1755603902.741288}
{"obj": {"type": "LogFloats", "path": ["monitoring", "c78de979", "gpu_memory_1"], "values": [{"value": 15.00164794921875, "step": null, "ts": 1755603902.7250755}]}, "version": 1701, "at": 1755603902.741346}
{"obj": {"type": "LogFloats", "path": ["monitoring", "c78de979", "gpu_memory_2"], "values": [{"value": 15.32586669921875, "step": null, "ts": 1755603902.7250755}]}, "version": 1702, "at": 1755603902.7414029}
{"obj": {"type": "LogFloats", "path": ["monitoring", "c78de979", "gpu_memory_3"], "values": [{"value": 11.90545654296875, "step": null, "ts": 1755603902.7250755}]}, "version": 1703, "at": 1755603902.7414591}
{"obj": {"type": "LogFloats", "path": ["monitoring", "c78de979", "gpu_memory_4"], "values": [{"value": 8.55242919921875, "step": null, "ts": 1755603902.7250755}]}, "version": 1704, "at": 1755603902.7415159}
{"obj": {"type": "LogFloats", "path": ["monitoring", "c78de979", "gpu_memory_5"], "values": [{"value": 33.25946044921875, "step": null, "ts": 1755603902.7250755}]}, "version": 1705, "at": 1755603902.7415726}
{"obj": {"type": "LogFloats", "path": ["monitoring", "c78de979", "gpu_power_0"], "values": [{"value": 62.424, "step": null, "ts": 1755603902.7250755}]}, "version": 1706, "at": 1755603902.7416306}
{"obj": {"type": "LogFloats", "path": ["monitoring", "c78de979", "gpu_power_1"], "values": [{"value": 146.336, "step": null, "ts": 1755603902.7250755}]}, "version": 1707, "at": 1755603902.7416847}
{"obj": {"type": "LogFloats", "path": ["monitoring", "c78de979", "gpu_power_2"], "values": [{"value": 88.054, "step": null, "ts": 1755603902.7250755}]}, "version": 1708, "at": 1755603902.7417395}
{"obj": {"type": "LogFloats", "path": ["monitoring", "c78de979", "gpu_power_3"], "values": [{"value": 124.473, "step": null, "ts": 1755603902.7250755}]}, "version": 1709, "at": 1755603902.7417958}
{"obj": {"type": "LogFloats", "path": ["monitoring", "c78de979", "gpu_power_4"], "values": [{"value": 53.955, "step": null, "ts": 1755603902.7250755}]}, "version": 1710, "at": 1755603902.7418537}
{"obj": {"type": "LogFloats", "path": ["monitoring", "c78de979", "gpu_power_5"], "values": [{"value": 17.534, "step": null, "ts": 1755603902.7250755}]}, "version": 1711, "at": 1755603902.7420976}
{"obj": {"type": "LogFloats", "path": ["monitoring", "c78de979", "cpu"], "values": [{"value": 54.4, "step": null, "ts": 1755603912.7427754}]}, "version": 1712, "at": 1755603912.7521858}
{"obj": {"type": "LogFloats", "path": ["monitoring", "c78de979", "memory"], "values": [{"value": 327.9258575439453, "step": null, "ts": 1755603912.7427754}]}, "version": 1713, "at": 1755603912.752758}
{"obj": {"type": "LogFloats", "path": ["monitoring", "c78de979", "gpu_2"], "values": [{"value": 20.0, "step": null, "ts": 1755603912.7427754}]}, "version": 1714, "at": 1755603912.75287}
{"obj": {"type": "LogFloats", "path": ["monitoring", "c78de979", "gpu_3"], "values": [{"value": 40.0, "step": null, "ts": 1755603912.7427754}]}, "version": 1715, "at": 1755603912.7529547}
{"obj": {"type": "LogFloats", "path": ["monitoring", "c78de979", "gpu_memory_0"], "values": [{"value": 5.65789794921875, "step": null, "ts": 1755603912.7427754}]}, "version": 1716, "at": 1755603912.7530339}
{"obj": {"type": "LogFloats", "path": ["monitoring", "c78de979", "gpu_memory_1"], "values": [{"value": 15.00164794921875, "step": null, "ts": 1755603912.7427754}]}, "version": 1717, "at": 1755603912.7531073}
{"obj": {"type": "LogFloats", "path": ["monitoring", "c78de979", "gpu_memory_2"], "values": [{"value": 15.29852294921875, "step": null, "ts": 1755603912.7427754}]}, "version": 1718, "at": 1755603912.7531784}
{"obj": {"type": "LogFloats", "path": ["monitoring", "c78de979", "gpu_memory_3"], "values": [{"value": 11.90545654296875, "step": null, "ts": 1755603912.7427754}]}, "version": 1719, "at": 1755603912.7532506}
{"obj": {"type": "LogFloats", "path": ["monitoring", "c78de979", "gpu_memory_4"], "values": [{"value": 8.55242919921875, "step": null, "ts": 1755603912.7427754}]}, "version": 1720, "at": 1755603912.75332}
{"obj": {"type": "LogFloats", "path": ["monitoring", "c78de979", "gpu_memory_5"], "values": [{"value": 33.25946044921875, "step": null, "ts": 1755603912.7427754}]}, "version": 1721, "at": 1755603912.753388}
{"obj": {"type": "LogFloats", "path": ["monitoring", "c78de979", "gpu_power_0"], "values": [{"value": 64.959, "step": null, "ts": 1755603912.7427754}]}, "version": 1722, "at": 1755603912.7534637}
{"obj": {"type": "LogFloats", "path": ["monitoring", "c78de979", "gpu_power_1"], "values": [{"value": 113.045, "step": null, "ts": 1755603912.7427754}]}, "version": 1723, "at": 1755603912.7535336}
{"obj": {"type": "LogFloats", "path": ["monitoring", "c78de979", "gpu_power_2"], "values": [{"value": 98.488, "step": null, "ts": 1755603912.7427754}]}, "version": 1724, "at": 1755603912.7536054}
{"obj": {"type": "LogFloats", "path": ["monitoring", "c78de979", "gpu_power_3"], "values": [{"value": 117.012, "step": null, "ts": 1755603912.7427754}]}, "version": 1725, "at": 1755603912.7536755}
{"obj": {"type": "LogFloats", "path": ["monitoring", "c78de979", "gpu_power_4"], "values": [{"value": 54.453, "step": null, "ts": 1755603912.7427754}]}, "version": 1726, "at": 1755603912.7537441}
{"obj": {"type": "LogFloats", "path": ["monitoring", "c78de979", "gpu_power_5"], "values": [{"value": 17.265, "step": null, "ts": 1755603912.7427754}]}, "version": 1727, "at": 1755603912.753813}
{"obj": {"type": "LogFloats", "path": ["monitoring", "c78de979", "cpu"], "values": [{"value": 55.5, "step": null, "ts": 1755603922.7540228}]}, "version": 1728, "at": 1755603922.7700713}
{"obj": {"type": "LogFloats", "path": ["monitoring", "c78de979", "memory"], "values": [{"value": 327.93020248413086, "step": null, "ts": 1755603922.7540228}]}, "version": 1729, "at": 1755603922.770796}
{"obj": {"type": "LogFloats", "path": ["monitoring", "c78de979", "gpu_3"], "values": [{"value": 38.0, "step": null, "ts": 1755603922.7540228}]}, "version": 1730, "at": 1755603922.7710319}
{"obj": {"type": "LogFloats", "path": ["monitoring", "c78de979", "gpu_memory_0"], "values": [{"value": 5.65789794921875, "step": null, "ts": 1755603922.7540228}]}, "version": 1731, "at": 1755603922.7712412}
{"obj": {"type": "LogFloats", "path": ["monitoring", "c78de979", "gpu_memory_1"], "values": [{"value": 15.00164794921875, "step": null, "ts": 1755603922.7540228}]}, "version": 1732, "at": 1755603922.771444}
{"obj": {"type": "LogFloats", "path": ["monitoring", "c78de979", "gpu_memory_2"], "values": [{"value": 15.32586669921875, "step": null, "ts": 1755603922.7540228}]}, "version": 1733, "at": 1755603922.7716498}
{"obj": {"type": "LogFloats", "path": ["monitoring", "c78de979", "gpu_memory_3"], "values": [{"value": 11.90545654296875, "step": null, "ts": 1755603922.7540228}]}, "version": 1734, "at": 1755603922.7718558}
{"obj": {"type": "LogFloats", "path": ["monitoring", "c78de979", "gpu_memory_4"], "values": [{"value": 8.55242919921875, "step": null, "ts": 1755603922.7540228}]}, "version": 1735, "at": 1755603922.7719173}
{"obj": {"type": "LogFloats", "path": ["monitoring", "c78de979", "gpu_memory_5"], "values": [{"value": 33.25946044921875, "step": null, "ts": 1755603922.7540228}]}, "version": 1736, "at": 1755603922.7719736}
{"obj": {"type": "LogFloats", "path": ["monitoring", "c78de979", "gpu_power_0"], "values": [{"value": 64.721, "step": null, "ts": 1755603922.7540228}]}, "version": 1737, "at": 1755603922.772033}
{"obj": {"type": "LogFloats", "path": ["monitoring", "c78de979", "gpu_power_1"], "values": [{"value": 136.525, "step": null, "ts": 1755603922.7540228}]}, "version": 1738, "at": 1755603922.7720895}
{"obj": {"type": "LogFloats", "path": ["monitoring", "c78de979", "gpu_power_2"], "values": [{"value": 98.576, "step": null, "ts": 1755603922.7540228}]}, "version": 1739, "at": 1755603922.7721446}
{"obj": {"type": "LogFloats", "path": ["monitoring", "c78de979", "gpu_power_3"], "values": [{"value": 109.262, "step": null, "ts": 1755603922.7540228}]}, "version": 1740, "at": 1755603922.772199}
{"obj": {"type": "LogFloats", "path": ["monitoring", "c78de979", "gpu_power_4"], "values": [{"value": 54.433, "step": null, "ts": 1755603922.7540228}]}, "version": 1741, "at": 1755603922.7722535}
{"obj": {"type": "LogFloats", "path": ["monitoring", "c78de979", "gpu_power_5"], "values": [{"value": 17.398, "step": null, "ts": 1755603922.7540228}]}, "version": 1742, "at": 1755603922.7723076}
